1,湖北省,富池闸 所在地市:黄石市所属河流:富水,11-01 20:00,Ⅱ,20.6,8,6.6,258.7,61.1
38,湖北省,富池闸 所在地市:黄石市所属河流:富水,11-01 20:00,Ⅱ,20.6,8,6.6,258.7,61.1
75,湖北省,富池闸 所在地市:黄石市所属河流:富水,11-02 04:00,Ⅱ,20.3,8,6.3,261.2,57
123,湖北省,富池闸 所在地市:黄石市所属河流:富水,11-02 08:00,Ⅳ,20.1,7,4.9,272,56.1
160,湖北省,富池闸 所在地市:黄石市所属河流:富水,11-02 12:00,Ⅱ,22.2,8,8.1,265.7,53
197,湖北省,富池闸 所在地市:黄石市所属河流:富水,11-02 16:00,Ⅱ,23.1,8,10.5,262.8,51.2
234,湖北省,富池闸 所在地市:黄石市所属河流:富水,11-02 20:00,Ⅱ,21.6,8,10.6,260.8,48.8
271,湖北省,富池闸 所在地市:黄石市所属河流:富水,11-02 20:00,Ⅱ,21.6,8,10.6,260.8,48.8
308,湖北省,富池闸 所在地市:黄石市所属河流:富水,11-03 04:00,Ⅱ,20.8,8,8.6,261.7,48.1
345,湖北省,富池闸 所在地市:黄石市所属河流:富水,11-03 08:00,Ⅱ,20.4,8,7.5,263.7,47.5
382,湖北省,富池闸 所在地市:黄石市所属河流:富水,11-03 12:00,Ⅱ,22.1,8,7.9,271.4,51.5
419,湖北省,富池闸 所在地市:黄石市所属河流:富水,11-03 16:00,Ⅱ,22.7,8,10.8,255.3,43.5
456,湖北省,富池闸 所在地市:黄石市所属河流:富水,11-03 20:00,Ⅱ,20.8,8,8.1,258,43.8
493,湖北省,富池闸 所在地市:黄石市所属河流:富水,11-03 20:00,Ⅱ,20.8,8,8.1,258,43.8
530,湖北省,富池闸 所在地市:黄石市所属河流:富水,11-04 04:00,Ⅱ,20.4,8,7.4,257.9,46.3
567,湖北省,富池闸 所在地市:黄石市所属河流:富水,11-04 08:00,Ⅱ,20.5,8,7.1,257.6,47.5
604,湖北省,富池闸 所在地市:黄石市所属河流:富水,11-04 12:00,Ⅱ,22.2,8,8.7,255.9,46.6
641,湖北省,富池闸 所在地市:黄石市所属河流:富水,11-04 12:00,Ⅱ,22.2,8,8.7,255.9,46.6
678,湖北省,富池闸 所在地市:黄石市所属河流:富水,11-04 16:00,Ⅱ,22.2,8,8.7,255.9,46.6
715,湖北省,富池闸 所在地市:黄石市所属河流:富水,11-04 20:00,Ⅱ,21.4,8,8.4,254.1,45.1
752,湖北省,富池闸 所在地市:黄石市所属河流:富水,11-05 00:00,Ⅱ,20.8,8,6.8,258.3,47.6
789,湖北省,富池闸 所在地市:黄石市所属河流:富水,,"",,,,,
826,湖北省,富池闸 所在地市:黄石市所属河流:富水,11-05 12:00,Ⅱ,21.6,8,7.3,260.9,53.5
863,湖北省,富池闸 所在地市:黄石市所属河流:富水,11-05 16:00,Ⅱ,21.8,8,8,260.7,51.6
900,湖北省,富池闸 所在地市:黄石市所属河流:富水,11-05 20:00,Ⅱ,20.6,8,6.9,262.6,51.2
937,湖北省,富池闸 所在地市:黄石市所属河流:富水,11-05 20:00,Ⅱ,20.6,8,6.9,262.6,51.2
974,湖北省,富池闸 所在地市:黄石市所属河流:富水,11-06 04:00,Ⅱ,20,8,6,268.2,54.1
1011,湖北省,富池闸 所在地市:黄石市所属河流:富水,11-06 04:00,"",20,8,6,268.2,54.1
1048,湖北省,富池闸 所在地市:黄石市所属河流:富水,11-06 12:00,Ⅱ,21,8,6.4,270,62.4
1085,湖北省,富池闸 所在地市:黄石市所属河流:富水,11-06 12:00,Ⅱ,21,8,6.4,270,62.4
1122,湖北省,富池闸 所在地市:黄石市所属河流:富水,11-06 20:00,Ⅱ,20,8,6.9,273.1,60
1159,湖北省,富池闸 所在地市:黄石市所属河流:富水,11-06 20:00,Ⅱ,20,8,6.9,273.1,60
1196,湖北省,富池闸 所在地市:黄石市所属河流:富水,11-07 04:00,Ⅱ,19.3,8,6,277.5,64.4
1233,湖北省,富池闸 所在地市:黄石市所属河流:富水,11-07 08:00,Ⅱ,19.2,8,6.3,280.3,65.9
1270,湖北省,富池闸 所在地市:黄石市所属河流:富水,11-07 16:00,Ⅱ,20.5,8,6.5,278.7,62.3
1307,湖北省,富池闸 所在地市:黄石市所属河流:富水,11-07 20:00,Ⅱ,19.3,8,6.3,279.5,67.4
1344,湖北省,富池闸 所在地市:黄石市所属河流:富水,11-07 20:00,Ⅱ,19.3,8,6.3,279.5,67.4
1381,湖北省,富池闸 所在地市:黄石市所属河流:富水,11-08 04:00,Ⅱ,18.8,8,6.1,281.1,64.2
1418,湖北省,富池闸 所在地市:黄石市所属河流:富水,11-08 04:00,"",18.8,8,6.1,281.1,64.2
1455,湖北省,富池闸 所在地市:黄石市所属河流:富水,11-08 12:00,Ⅱ,19.4,8,6.5,281.1,71.7
1492,湖北省,富池闸 所在地市:黄石市所属河流:富水,11-08 16:00,Ⅱ,19.3,8,6.2,279.6,65.5
1529,湖北省,富池闸 所在地市:黄石市所属河流:富水,11-08 20:00,Ⅱ,19,8,6,279.6,64.1
1566,湖北省,富池闸 所在地市:黄石市所属河流:富水,11-08 20:00,Ⅱ,19,8,6,279.6,64.1
1603,湖北省,富池闸 所在地市:黄石市所属河流:富水,11-08 20:00,Ⅱ,19,8,6,279.6,64.1
1640,湖北省,富池闸 所在地市:黄石市所属河流:富水,,"",,,,,
1677,湖北省,富池闸 所在地市:黄石市所属河流:富水,11-09 12:00,Ⅱ,19.5,8,6.2,278.7,70.7
1714,湖北省,富池闸 所在地市:黄石市所属河流:富水,11-09 16:00,Ⅱ,20.4,8,7.3,276.6,60.6
1751,湖北省,富池闸 所在地市:黄石市所属河流:富水,11-09 20:00,Ⅱ,19.9,8,8.1,275.7,59.2
1788,湖北省,富池闸 所在地市:黄石市所属河流:富水,11-09 20:00,Ⅱ,19.9,8,8.1,275.7,59.2
1825,湖北省,富池闸 所在地市:黄石市所属河流:富水,11-09 20:00,Ⅱ,19.9,8,8.1,275.7,59.2
1862,湖北省,富池闸 所在地市:黄石市所属河流:富水,,"",,,,,
1899,湖北省,富池闸 所在地市:黄石市所属河流:富水,11-10 12:00,"",20.7,8,7.8,277.3,52.1
1936,湖北省,富池闸 所在地市:黄石市所属河流:富水,11-10 16:00,Ⅱ,21.1,8,9,271.4,55.5
1973,湖北省,富池闸 所在地市:黄石市所属河流:富水,11-10 20:00,Ⅱ,20.4,8,8.8,273.8,54.1
2010,湖北省,富池闸 所在地市:黄石市所属河流:富水,11-10 20:00,Ⅱ,20.4,8,8.8,273.8,54.1
2047,湖北省,富池闸 所在地市:黄石市所属河流:富水,11-11 04:00,Ⅱ,19.6,8,6.8,276.4,56.5
2084,湖北省,富池闸 所在地市:黄石市所属河流:富水,11-11 08:00,Ⅱ,19.6,8,6.8,276.9,53
2121,湖北省,富池闸 所在地市:黄石市所属河流:富水,11-11 12:00,Ⅱ,20.7,8,6.4,277.7,67.2
2158,湖北省,富池闸 所在地市:黄石市所属河流:富水,11-11 16:00,Ⅱ,21.1,8,6.5,276,63
2195,湖北省,富池闸 所在地市:黄石市所属河流:富水,11-11 20:00,Ⅱ,20.4,8,7.2,277.1,56.9
2232,湖北省,富池闸 所在地市:黄石市所属河流:富水,11-11 20:00,Ⅱ,20.4,8,7.2,277.1,56.9
2269,湖北省,富池闸 所在地市:黄石市所属河流:富水,11-12 04:00,Ⅱ,19.8,8,6.5,277.3,63.1
2306,湖北省,富池闸 所在地市:黄石市所属河流:富水,11-12 08:00,Ⅱ,19.5,7,6.1,277.1,63.8
2343,湖北省,富池闸 所在地市:黄石市所属河流:富水,11-12 12:00,Ⅱ,20.9,7,6.2,275.8,67.7
2380,湖北省,富池闸 所在地市:黄石市所属河流:富水,11-12 16:00,Ⅱ,21,8,6.6,273.4,62.6
2417,湖北省,富池闸 所在地市:黄石市所属河流:富水,11-12 20:00,Ⅱ,20.5,8,7.5,274.5,59.6
2454,湖北省,富池闸 所在地市:黄石市所属河流:富水,11-12 20:00,Ⅱ,20.5,8,7.5,274.5,59.6
2491,湖北省,富池闸 所在地市:黄石市所属河流:富水,11-12 20:00,Ⅱ,20.5,8,7.5,274.5,59.6
2528,湖北省,富池闸 所在地市:黄石市所属河流:富水,,"",,,,,
2565,湖北省,富池闸 所在地市:黄石市所属河流:富水,11-13 12:00,Ⅱ,21.4,8,6.8,275.1,67.4
2602,湖北省,富池闸 所在地市:黄石市所属河流:富水,11-13 12:00,Ⅱ,21.4,8,6.8,275.1,67.4
2639,湖北省,富池闸 所在地市:黄石市所属河流:富水,11-13 20:00,"",20.8,8,6.7,274.5,60.5
2676,湖北省,富池闸 所在地市:黄石市所属河流:富水,11-13 20:00,"",20.8,8,6.7,274.5,60.5
2713,湖北省,富池闸 所在地市:黄石市所属河流:富水,11-13 20:00,"",20.8,8,6.7,274.5,60.5
2750,湖北省,富池闸 所在地市:黄石市所属河流:富水,,"",,,,,
2787,湖北省,富池闸 所在地市:黄石市所属河流:富水,11-14 12:00,"",21.7,8,6.5,275.7,55.6
2824,湖北省,富池闸 所在地市:黄石市所属河流:富水,11-14 12:00,"",21.7,8,6.5,275.7,55.6
2861,湖北省,富池闸 所在地市:黄石市所属河流:富水,11-14 20:00,"",21.1,7,5.4,274.7,56.9
2898,湖北省,富池闸 所在地市:黄石市所属河流:富水,11-14 20:00,"",21.1,7,5.4,274.7,56.9
2935,湖北省,富池闸 所在地市:黄石市所属河流:富水,11-14 20:00,"",21.1,7,5.4,274.7,56.9
2972,湖北省,富池闸 所在地市:黄石市所属河流:富水,,"",,,,,
3009,湖北省,富池闸 所在地市:黄石市所属河流:富水,,"",,,,,
3046,湖北省,富池闸 所在地市:黄石市所属河流:富水,11-15 12:00,Ⅱ,21.9,8,6.5,273.3,58.2
3083,湖北省,富池闸 所在地市:黄石市所属河流:富水,11-15 12:00,Ⅱ,21.9,8,6.5,273.3,58.2
3120,湖北省,富池闸 所在地市:黄石市所属河流:富水,11-15 12:00,Ⅱ,21.9,8,6.5,273.3,58.2
3157,湖北省,富池闸 所在地市:黄石市所属河流:富水,11-15 12:00,Ⅱ,21.9,8,6.5,273.3,58.2
3194,湖北省,富池闸 所在地市:黄石市所属河流:富水,,"",,,,,
3231,湖北省,富池闸 所在地市:黄石市所属河流:富水,11-16 08:00,"",21.6,8,6,264,58.7
3268,湖北省,富池闸 所在地市:黄石市所属河流:富水,11-16 08:00,"",21.6,8,6,264,58.7
3305,湖北省,富池闸 所在地市:黄石市所属河流:富水,11-16 08:00,"",21.6,8,6,264,58.7
3342,湖北省,富池闸 所在地市:黄石市所属河流:富水,11-16 08:00,Ⅱ,21.6,8,6,264,58.7
3379,湖北省,富池闸 所在地市:黄石市所属河流:富水,11-16 08:00,Ⅱ,21.6,8,6,264,58.7
3416,湖北省,富池闸 所在地市:黄石市所属河流:富水,,"",,,,,
3453,湖北省,富池闸 所在地市:黄石市所属河流:富水,,"",,,,,
3489,湖北省,富池闸 所在地市:黄石市所属河流:富水,,"",,,,,
3525,湖北省,富池闸 所在地市:黄石市所属河流:富水,,"",,,,,
3561,湖北省,富池闸 所在地市:黄石市所属河流:富水,11-17 20:00,Ⅲ,20.2,7,5.3,263.4,78.8
3597,湖北省,富池闸 所在地市:黄石市所属河流:富水,11-17 20:00,Ⅲ,20.2,7,5.3,263.4,78.8
3633,湖北省,富池闸 所在地市:黄石市所属河流:富水,,"",,,,,
3669,湖北省,富池闸 所在地市:黄石市所属河流:富水,11-18 12:00,"",19.3,7,5.7,263,74.7
3705,湖北省,富池闸 所在地市:黄石市所属河流:富水,11-18 12:00,"",19.3,7,5.7,263,74.7
3741,湖北省,富池闸 所在地市:黄石市所属河流:富水,11-18 20:00,"",18.7,7,5.8,264.4,79
3777,湖北省,富池闸 所在地市:黄石市所属河流:富水,11-18 20:00,Ⅲ,18.7,7,5.8,264.4,79
3813,湖北省,富池闸 所在地市:黄石市所属河流:富水,11-18 20:00,Ⅲ,18.7,7,5.8,264.4,79
3849,湖北省,富池闸 所在地市:黄石市所属河流:富水,,"",,,,,
3885,湖北省,富池闸 所在地市:黄石市所属河流:富水,,"",,,,,
3921,湖北省,富池闸 所在地市:黄石市所属河流:富水,11-19 16:00,Ⅲ,18.3,7,5.6,273.8,102.7
3957,湖北省,富池闸 所在地市:黄石市所属河流:富水,11-19 20:00,Ⅲ,18.3,7,5.6,273.8,102.7
3992,湖北省,富池闸 所在地市:黄石市所属河流:富水,11-19 20:00,Ⅲ,18.3,7,5.6,273.8,102.7
4027,湖北省,富池闸 所在地市:黄石市所属河流:富水,,"",,,,,
4063,湖北省,富池闸 所在地市:黄石市所属河流:富水,,"",,,,,
4099,湖北省,富池闸 所在地市:黄石市所属河流:富水,,"",,,,,
4135,湖北省,富池闸 所在地市:黄石市所属河流:富水,11-20 20:00,"",16.8,7,6.2,261.8,102.3
4171,湖北省,富池闸 所在地市:黄石市所属河流:富水,11-20 20:00,Ⅱ,16.8,7,6.2,261.8,102.3
4207,湖北省,富池闸 所在地市:黄石市所属河流:富水,11-20 20:00,Ⅱ,16.8,7,6.2,261.8,102.3
4243,湖北省,富池闸 所在地市:黄石市所属河流:富水,,"",,,,,
4279,湖北省,富池闸 所在地市:黄石市所属河流:富水,11-21 08:00,Ⅱ,16.8,7,6,266.7,96
4315,湖北省,富池闸 所在地市:黄石市所属河流:富水,11-21 12:00,Ⅱ,17.1,7,6.4,268.6,105.8
4351,湖北省,富池闸 所在地市:黄石市所属河流:富水,11-21 20:00,Ⅱ,17.2,7,6.9,270,107.3
4387,湖北省,富池闸 所在地市:黄石市所属河流:富水,11-21 20:00,Ⅱ,17.2,7,6.9,270,107.3
4422,湖北省,富池闸 所在地市:黄石市所属河流:富水,11-21 20:00,Ⅱ,17.2,7,6.9,270,107.3
4457,湖北省,富池闸 所在地市:黄石市所属河流:富水,,"",,,,,
4492,湖北省,富池闸 所在地市:黄石市所属河流:富水,,"",,,,,
4527,湖北省,富池闸 所在地市:黄石市所属河流:富水,11-22 16:00,"",16.8,7,6.4,282.4,95.7
4563,湖北省,富池闸 所在地市:黄石市所属河流:富水,11-22 16:00,"",16.8,7,6.4,282.4,95.7
4599,湖北省,富池闸 所在地市:黄石市所属河流:富水,11-22 16:00,Ⅱ,16.8,7,6.4,282.4,95.7
4635,湖北省,富池闸 所在地市:黄石市所属河流:富水,11-22 16:00,Ⅱ,16.8,7,6.4,282.4,95.7
4671,湖北省,富池闸 所在地市:黄石市所属河流:富水,,"",,,,,
4707,湖北省,富池闸 所在地市:黄石市所属河流:富水,,"",,,,,
4743,湖北省,富池闸 所在地市:黄石市所属河流:富水,,"",,,,,
4779,湖北省,富池闸 所在地市:黄石市所属河流:富水,11-23 20:00,Ⅱ,16.3,7,6.6,277.5,91.7
4815,湖北省,富池闸 所在地市:黄石市所属河流:富水,11-23 20:00,Ⅱ,16.3,7,6.6,277.5,91.7
4851,湖北省,富池闸 所在地市:黄石市所属河流:富水,11-23 20:00,Ⅱ,16.3,7,6.6,277.5,91.7
4887,湖北省,富池闸 所在地市:黄石市所属河流:富水,,"",,,,,
4923,湖北省,富池闸 所在地市:黄石市所属河流:富水,11-24 12:00,Ⅱ,16,7,7,276.5,87.3
4959,湖北省,富池闸 所在地市:黄石市所属河流:富水,11-24 16:00,Ⅱ,16.1,7,6.8,276.4,92.2
4995,湖北省,富池闸 所在地市:黄石市所属河流:富水,11-24 16:00,Ⅱ,16.1,7,6.8,276.4,92.2
5031,湖北省,富池闸 所在地市:黄石市所属河流:富水,11-24 16:00,Ⅱ,16.1,7,6.8,276.4,92.2
5067,湖北省,富池闸 所在地市:黄石市所属河流:富水,11-24 16:00,Ⅱ,16.1,7,6.8,276.4,92.2
5103,湖北省,富池闸 所在地市:黄石市所属河流:富水,,"",,,,,
5139,湖北省,富池闸 所在地市:黄石市所属河流:富水,11-25 08:00,"",,,,,
5175,湖北省,富池闸 所在地市:黄石市所属河流:富水,11-25 12:00,Ⅱ,15.6,7,6.9,279.4,111.5
5211,湖北省,富池闸 所在地市:黄石市所属河流:富水,11-25 20:00,Ⅱ,15.3,8,9.8,0.8,25.4
5247,湖北省,富池闸 所在地市:黄石市所属河流:富水,11-25 20:00,"",15.3,8,9.8,0.8,25.4
5283,湖北省,富池闸 所在地市:黄石市所属河流:富水,11-26 04:00,"",16.3,8,9.5,0.6,25.2
5319,湖北省,富池闸 所在地市:黄石市所属河流:富水,,"",,,,,
5355,湖北省,富池闸 所在地市:黄石市所属河流:富水,,"",,,,,
5391,湖北省,富池闸 所在地市:黄石市所属河流:富水,,"",,,,,
5427,湖北省,富池闸 所在地市:黄石市所属河流:富水,11-26 20:00,"",14.2,7,8.9,295.8,73.2
5463,湖北省,富池闸 所在地市:黄石市所属河流:富水,11-26 20:00,"",14.2,7,8.9,295.8,73.2
5499,湖北省,富池闸 所在地市:黄石市所属河流:富水,11-27 04:00,Ⅱ,12.8,7,7.7,297.2,77.6
5535,湖北省,富池闸 所在地市:黄石市所属河流:富水,11-27 08:00,Ⅱ,12.6,7,8.2,298.7,82.2
5571,湖北省,富池闸 所在地市:黄石市所属河流:富水,11-27 12:00,Ⅱ,18,7,7.5,296,72.9
5607,湖北省,富池闸 所在地市:黄石市所属河流:富水,11-27 16:00,Ⅱ,16.6,7,7.7,291.4,79.8
5643,湖北省,富池闸 所在地市:黄石市所属河流:富水,11-27 20:00,Ⅱ,13.3,7,7.1,296,75.5
5679,湖北省,富池闸 所在地市:黄石市所属河流:富水,11-27 20:00,Ⅱ,13.3,7,7.1,296,75.5
5715,湖北省,富池闸 所在地市:黄石市所属河流:富水,11-28 00:00,"",12.7,7,6.9,294.8,71.9
5751,湖北省,富池闸 所在地市:黄石市所属河流:富水,11-28 08:00,"",12.3,7,7,294.7,75.8
5787,湖北省,富池闸 所在地市:黄石市所属河流:富水,11-28 12:00,Ⅱ,16.9,7,9.4,298.9,92.3
5823,湖北省,富池闸 所在地市:黄石市所属河流:富水,11-28 16:00,Ⅱ,16.2,7,8.5,281.4,79.3
5859,湖北省,富池闸 所在地市:黄石市所属河流:富水,11-28 20:00,Ⅱ,13.1,7,9.4,282.2,84.9
5895,湖北省,富池闸 所在地市:黄石市所属河流:富水,11-28 20:00,Ⅱ,13.1,7,9.4,282.2,84.9
5931,湖北省,富池闸 所在地市:黄石市所属河流:富水,11-29 04:00,Ⅱ,11.8,7,9.3,282.2,75.4
5967,湖北省,富池闸 所在地市:黄石市所属河流:富水,11-29 08:00,Ⅱ,11.8,7,9.4,283.2,67.9
6003,湖北省,富池闸 所在地市:黄石市所属河流:富水,11-29 12:00,Ⅱ,17.4,7,7.9,281,71.6
6039,湖北省,富池闸 所在地市:黄石市所属河流:富水,11-29 16:00,Ⅱ,18.1,7,8.3,275.8,68.2
6075,湖北省,富池闸 所在地市:黄石市所属河流:富水,11-29 20:00,Ⅱ,13.4,7,7.9,281.8,66.4
6111,湖北省,富池闸 所在地市:黄石市所属河流:富水,11-29 20:00,Ⅱ,13.4,7,7.9,281.8,66.4
6147,湖北省,富池闸 所在地市:黄石市所属河流:富水,11-30 04:00,Ⅱ,12.2,7,7,283.2,69.8
6183,湖北省,富池闸 所在地市:黄石市所属河流:富水,11-30 08:00,Ⅱ,12.1,7,7.3,284.9,69.2
6219,湖北省,富池闸 所在地市:黄石市所属河流:富水,11-30 12:00,Ⅱ,17.7,7,8.4,284.5,62.6
6255,湖北省,富池闸 所在地市:黄石市所属河流:富水,11-30 16:00,Ⅱ,17.8,8,8.6,277.7,58.7
6291,湖北省,富池闸 所在地市:黄石市所属河流:富水,11-30 20:00,Ⅱ,14,7,8.4,283.5,58.1
6327,湖北省,富池闸 所在地市:黄石市所属河流:富水,11-30 20:00,Ⅱ,14,7,8.4,283.5,58.1
6363,湖北省,富池闸 所在地市:黄石市所属河流:富水,12-01 04:00,Ⅱ,12.6,7,7.6,286.1,57.1
6399,湖北省,富池闸 所在地市:黄石市所属河流:富水,12-01 08:00,Ⅱ,12.8,7,7.7,288,59.8
6435,湖北省,富池闸 所在地市:黄石市所属河流:富水,12-01 12:00,Ⅱ,17.7,8,8.7,291.9,56
6471,湖北省,富池闸 所在地市:黄石市所属河流:富水,12-01 16:00,Ⅱ,18.1,8,9.7,284.6,53.3
6507,湖北省,富池闸 所在地市:黄石市所属河流:富水,12-01 20:00,Ⅱ,14.6,8,9.2,290,53.1
6543,湖北省,富池闸 所在地市:黄石市所属河流:富水,12-01 20:00,Ⅱ,14.6,8,9.2,290,53.1
6580,湖北省,富池闸 所在地市:黄石市所属河流:富水,12-02 04:00,Ⅱ,13.1,8,8.6,304,58.3
6617,湖北省,富池闸 所在地市:黄石市所属河流:富水,12-02 08:00,Ⅱ,13,8,8.2,304.1,68.3
6654,湖北省,富池闸 所在地市:黄石市所属河流:富水,12-02 12:00,Ⅱ,18.2,8,8.4,299.4,65.5
6691,湖北省,富池闸 所在地市:黄石市所属河流:富水,12-02 16:00,Ⅱ,18.3,8,8.8,292.9,56.8
6728,湖北省,富池闸 所在地市:黄石市所属河流:富水,12-02 20:00,Ⅱ,15.2,8,8.9,297.4,53.4
6765,湖北省,富池闸 所在地市:黄石市所属河流:富水,12-02 20:00,Ⅱ,15.2,8,8.9,297.4,53.4
6802,湖北省,富池闸 所在地市:黄石市所属河流:富水,12-03 04:00,Ⅱ,13.8,7,7.7,302.1,75.5
6839,湖北省,富池闸 所在地市:黄石市所属河流:富水,12-03 08:00,Ⅱ,13.8,7,7.6,306.3,74.9
6876,湖北省,富池闸 所在地市:黄石市所属河流:富水,12-03 12:00,Ⅱ,16.6,7,7.9,308.6,74.3
6913,湖北省,富池闸 所在地市:黄石市所属河流:富水,12-03 16:00,Ⅱ,16.4,8,8,308,68.4
6950,湖北省,富池闸 所在地市:黄石市所属河流:富水,12-03 20:00,Ⅱ,14.2,8,8.8,314.8,54.8
6987,湖北省,富池闸 所在地市:黄石市所属河流:富水,12-03 20:00,Ⅱ,14.2,8,8.8,314.8,54.8
7024,湖北省,富池闸 所在地市:黄石市所属河流:富水,12-04 04:00,Ⅱ,13.4,8,8.5,322.7,57.3
7061,湖北省,富池闸 所在地市:黄石市所属河流:富水,12-04 08:00,Ⅱ,13.5,8,8.4,323.6,52.7
7098,湖北省,富池闸 所在地市:黄石市所属河流:富水,12-04 12:00,Ⅲ,15.3,8,8.7,319.2,49.8
7135,湖北省,富池闸 所在地市:黄石市所属河流:富水,12-04 16:00,Ⅲ,15.2,8,8.8,315.5,48.7
7172,湖北省,富池闸 所在地市:黄石市所属河流:富水,12-04 20:00,Ⅲ,13.9,8,9.9,316,49.6
7209,湖北省,富池闸 所在地市:黄石市所属河流:富水,12-04 20:00,Ⅱ,13.9,8,9.9,316,49.6
7246,湖北省,富池闸 所在地市:黄石市所属河流:富水,12-05 04:00,Ⅱ,13.3,8,10,312.4,50.9
7283,湖北省,富池闸 所在地市:黄石市所属河流:富水,12-05 08:00,Ⅱ,13.3,8,10,311.6,46.4
7320,湖北省,富池闸 所在地市:黄石市所属河流:富水,12-05 08:00,Ⅱ,13.3,8,10,311.6,46.4
7357,湖北省,富池闸 所在地市:黄石市所属河流:富水,12-05 16:00,Ⅱ,15.7,8,8.9,304.3,49.5
7394,湖北省,富池闸 所在地市:黄石市所属河流:富水,12-05 20:00,Ⅱ,14,8,8.5,306.5,48.8
7431,湖北省,富池闸 所在地市:黄石市所属河流:富水,12-05 20:00,Ⅱ,14,8,8.5,306.5,48.8
7468,湖北省,富池闸 所在地市:黄石市所属河流:富水,12-05 20:00,Ⅱ,14,8,8.5,306.5,48.8
7505,湖北省,富池闸 所在地市:黄石市所属河流:富水,,"",,,,,
7542,湖北省,富池闸 所在地市:黄石市所属河流:富水,,"",,,,,
7579,湖北省,富池闸 所在地市:黄石市所属河流:富水,,"",,,,,
7616,湖北省,富池闸 所在地市:黄石市所属河流:富水,,"",,,,,
7653,湖北省,富池闸 所在地市:黄石市所属河流:富水,12-05 20:00,Ⅱ,14,8,8.5,306.5,48.8
7690,湖北省,富池闸 所在地市:黄石市所属河流:富水,12-05 20:00,Ⅱ,14,8,8.5,306.5,48.8
7727,湖北省,富池闸 所在地市:黄石市所属河流:富水,,"",,,,,
7764,湖北省,富池闸 所在地市:黄石市所属河流:富水,12-07 12:00,"",14.7,8,8.6,307.4,57.7
7801,湖北省,富池闸 所在地市:黄石市所属河流:富水,12-07 16:00,Ⅱ,14.3,8,10.1,306.1,52.1
7838,湖北省,富池闸 所在地市:黄石市所属河流:富水,12-07 20:00,Ⅲ,13.4,8,9,308.8,48.2
7875,湖北省,富池闸 所在地市:黄石市所属河流:富水,12-07 20:00,Ⅱ,13.4,8,9,308.8,48.2
7912,湖北省,富池闸 所在地市:黄石市所属河流:富水,12-08 04:00,Ⅱ,12.5,8,8.2,313,62.7
7949,湖北省,富池闸 所在地市:黄石市所属河流:富水,12-08 08:00,Ⅱ,12.2,7,8,315.3,69.2
7986,湖北省,富池闸 所在地市:黄石市所属河流:富水,12-08 12:00,"",15.3,7,8.2,313.3,60.6
8023,湖北省,富池闸 所在地市:黄石市所属河流:富水,12-08 16:00,"",14,7,8.3,306.1,59
8060,湖北省,富池闸 所在地市:黄石市所属河流:富水,12-08 20:00,"",12.6,7,8.2,306.3,48.9
8097,湖北省,富池闸 所在地市:黄石市所属河流:富水,12-08 20:00,"",12.6,7,8.2,306.3,48.9
8134,湖北省,富池闸 所在地市:黄石市所属河流:富水,12-09 04:00,"",11.7,7,8.3,306.3,72
8171,湖北省,富池闸 所在地市:黄石市所属河流:富水,12-09 08:00,"",11.6,7,8.3,306.7,67.4
8208,湖北省,富池闸 所在地市:黄石市所属河流:富水,12-09 12:00,Ⅱ,12.1,7,8.4,304.7,66.7
8245,湖北省,富池闸 所在地市:黄石市所属河流:富水,12-09 16:00,Ⅱ,12.2,7,8.3,304.3,65.2
8282,湖北省,富池闸 所在地市:黄石市所属河流:富水,12-09 20:00,Ⅱ,11.9,7,8.1,305.6,56.9
8318,湖北省,富池闸 所在地市:黄石市所属河流:富水,12-09 20:00,Ⅱ,11.9,7,8.1,305.6,56.9
8354,湖北省,富池闸 所在地市:黄石市所属河流:富水,12-10 04:00,Ⅱ,11.7,7,8.1,306.2,57.8
8390,湖北省,富池闸 所在地市:黄石市所属河流:富水,12-10 08:00,Ⅱ,11.6,7,8,306.7,55.7
8426,湖北省,富池闸 所在地市:黄石市所属河流:富水,12-10 12:00,Ⅱ,11.7,7,8,303.7,54.3
8462,湖北省,富池闸 所在地市:黄石市所属河流:富水,12-10 16:00,Ⅱ,11.6,7,7.9,302.2,56.7
8498,湖北省,富池闸 所在地市:黄石市所属河流:富水,12-10 20:00,Ⅱ,11.4,7,7.7,301.2,56.5
8534,湖北省,富池闸 所在地市:黄石市所属河流:富水,12-10 20:00,Ⅱ,11.4,7,7.7,301.2,56.5
8570,湖北省,富池闸 所在地市:黄石市所属河流:富水,12-11 04:00,Ⅱ,11.3,7,8,302.4,50.3
8606,湖北省,富池闸 所在地市:黄石市所属河流:富水,12-11 08:00,Ⅱ,11,7,7.8,303.4,49.6
8642,湖北省,富池闸 所在地市:黄石市所属河流:富水,12-11 12:00,Ⅱ,11.1,7,7.9,303.1,50.1
8678,湖北省,富池闸 所在地市:黄石市所属河流:富水,12-11 16:00,Ⅱ,11.2,7,7.9,302.9,49.8
8714,湖北省,富池闸 所在地市:黄石市所属河流:富水,12-11 16:00,Ⅱ,11.2,7,7.9,302.9,49.8
8750,湖北省,富池闸 所在地市:黄石市所属河流:富水,12-11 20:00,Ⅱ,11.3,7,7.6,304.1,48.7
8786,湖北省,富池闸 所在地市:黄石市所属河流:富水,12-12 04:00,Ⅱ,10.8,7,7.6,302.3,45.6
8822,湖北省,富池闸 所在地市:黄石市所属河流:富水,12-12 08:00,Ⅱ,11,7,8.4,300.7,52
8858,湖北省,富池闸 所在地市:黄石市所属河流:富水,12-12 12:00,Ⅱ,12.9,7,8.4,298.4,51.2
8894,湖北省,富池闸 所在地市:黄石市所属河流:富水,12-12 12:00,Ⅱ,12.9,7,8.4,298.4,51.2
8930,湖北省,富池闸 所在地市:黄石市所属河流:富水,12-12 20:00,Ⅱ,11.4,7,8.3,308.1,56.3
8966,湖北省,富池闸 所在地市:黄石市所属河流:富水,12-12 20:00,Ⅱ,11.4,7,8.3,308.1,56.3
9002,湖北省,富池闸 所在地市:黄石市所属河流:富水,12-13 04:00,Ⅱ,11.2,7,8.1,315.3,64.9
9038,湖北省,富池闸 所在地市:黄石市所属河流:富水,12-13 08:00,Ⅱ,11,7,8.5,316.5,69.6
9074,湖北省,富池闸 所在地市:黄石市所属河流:富水,12-13 12:00,Ⅱ,12.8,7,8.6,312.1,80.3
9110,湖北省,富池闸 所在地市:黄石市所属河流:富水,12-13 16:00,Ⅱ,12.4,7,8.3,304,80.2
9146,湖北省,富池闸 所在地市:黄石市所属河流:富水,12-13 20:00,Ⅱ,11,7,8.5,302.6,80.6
9182,湖北省,富池闸 所在地市:黄石市所属河流:富水,12-13 20:00,Ⅱ,11,7,8.5,302.6,80.6
9218,湖北省,富池闸 所在地市:黄石市所属河流:富水,12-14 04:00,Ⅱ,10.2,7,8.5,301.9,65.2
9254,湖北省,富池闸 所在地市:黄石市所属河流:富水,12-14 08:00,Ⅱ,10.1,7,8.6,300,67.6
9289,湖北省,富池闸 所在地市:黄石市所属河流:富水,12-14 12:00,Ⅱ,12.6,8,9,299.3,69
9324,湖北省,富池闸 所在地市:黄石市所属河流:富水,12-14 16:00,Ⅱ,13.1,8,10.2,294.5,64.6
9359,湖北省,富池闸 所在地市:黄石市所属河流:富水,12-14 20:00,Ⅲ,10.4,8,9.7,284.1,60.6
9394,湖北省,富池闸 所在地市:黄石市所属河流:富水,12-14 20:00,Ⅱ,10.4,8,9.7,284.1,60.6
9429,湖北省,富池闸 所在地市:黄石市所属河流:富水,12-15 04:00,Ⅱ,9.4,8,8.7,199.2,76.8
9464,湖北省,富池闸 所在地市:黄石市所属河流:富水,12-15 08:00,Ⅱ,9.2,7,8.8,292.6,76.9
9499,湖北省,富池闸 所在地市:黄石市所属河流:富水,12-15 12:00,Ⅱ,12.9,7,8.7,301,74.9
9534,湖北省,富池闸 所在地市:黄石市所属河流:富水,12-15 16:00,Ⅱ,13.2,7,8.9,299.6,96.4
9569,湖北省,富池闸 所在地市:黄石市所属河流:富水,12-15 20:00,Ⅱ,10.2,8,8.6,298,47
9604,湖北省,富池闸 所在地市:黄石市所属河流:富水,12-15 20:00,Ⅱ,10.2,8,8.6,298,47
9639,湖北省,富池闸 所在地市:黄石市所属河流:富水,12-15 20:00,Ⅱ,10.2,8,8.6,298,47
9674,湖北省,富池闸 所在地市:黄石市所属河流:富水,,"",,,,,
9709,湖北省,富池闸 所在地市:黄石市所属河流:富水,12-16 12:00,"",13.3,7,9.2,295,69.4
9744,湖北省,富池闸 所在地市:黄石市所属河流:富水,12-16 16:00,Ⅱ,14,8,9.6,287,47.4
9779,湖北省,富池闸 所在地市:黄石市所属河流:富水,12-16 20:00,Ⅱ,10.5,8,9.3,285,45.5
9814,湖北省,富池闸 所在地市:黄石市所属河流:富水,12-16 20:00,Ⅱ,10.5,8,9.3,285,45.5
9850,湖北省,富池闸 所在地市:黄石市所属河流:富水,12-16 20:00,Ⅱ,10.5,8,9.3,285,45.5
9886,湖北省,富池闸 所在地市:黄石市所属河流:富水,,"",,,,,
9922,湖北省,富池闸 所在地市:黄石市所属河流:富水,12-17 12:00,"",11.1,7,9,297.7,46.8
9958,湖北省,富池闸 所在地市:黄石市所属河流:富水,12-17 12:00,Ⅱ,11.1,7,9,297.7,46.8
9994,湖北省,富池闸 所在地市:黄石市所属河流:富水,12-17 12:00,Ⅱ,11.1,7,9,297.7,46.8
10030,湖北省,富池闸 所在地市:黄石市所属河流:富水,12-17 12:00,Ⅱ,11.1,7,9,297.7,46.8
10066,湖北省,富池闸 所在地市:黄石市所属河流:富水,12-17 12:00,Ⅱ,11.1,7,9,297.7,46.8
10102,湖北省,富池闸 所在地市:黄石市所属河流:富水,12-18 08:00,"",9.2,7,8.6,296.9,70.6
10138,湖北省,富池闸 所在地市:黄石市所属河流:富水,12-18 12:00,"",12.2,7,9.1,298.9,66.7
10174,湖北省,富池闸 所在地市:黄石市所属河流:富水,12-18 16:00,Ⅱ,12.6,7,9.3,296.5,44.6
10210,湖北省,富池闸 所在地市:黄石市所属河流:富水,12-18 20:00,Ⅲ,9.7,7,8.6,296,61.9
10246,湖北省,富池闸 所在地市:黄石市所属河流:富水,12-18 20:00,Ⅱ,9.7,7,8.6,296,61.9
10282,湖北省,富池闸 所在地市:黄石市所属河流:富水,12-19 04:00,Ⅱ,16.1,8,7.4,0.8,58.7
10318,湖北省,富池闸 所在地市:黄石市所属河流:富水,12-19 08:00,Ⅱ,18,7,8.9,0.3,0.2
10354,湖北省,富池闸 所在地市:黄石市所属河流:富水,12-19 12:00,Ⅱ,11.7,7,9.2,300.9,66.3
10390,湖北省,富池闸 所在地市:黄石市所属河流:富水,12-19 12:00,Ⅱ,11.7,7,9.2,300.9,66.3
10426,湖北省,富池闸 所在地市:黄石市所属河流:富水,12-19 12:00,Ⅱ,11.7,7,9.2,300.9,66.3
10462,湖北省,富池闸 所在地市:黄石市所属河流:富水,12-19 12:00,Ⅱ,11.7,7,9.2,300.9,66.3
10498,湖北省,富池闸 所在地市:黄石市所属河流:富水,12-19 12:00,Ⅱ,11.7,7,9.2,300.9,66.3
10534,湖北省,富池闸 所在地市:黄石市所属河流:富水,,"",,,,,
10570,湖北省,富池闸 所在地市:黄石市所属河流:富水,12-20 08:00,"",19.5,7,8.8,0.04,0.2
10606,湖北省,富池闸 所在地市:黄石市所属河流:富水,12-20 08:00,"",19.5,7,8.8,0.04,0.2
10642,湖北省,富池闸 所在地市:黄石市所属河流:富水,12-20 08:00,"",19.5,7,8.8,0.04,0.2
10678,湖北省,富池闸 所在地市:黄石市所属河流:富水,12-20 08:00,Ⅱ,19.5,7,8.8,0.04,0.2
10714,湖北省,富池闸 所在地市:黄石市所属河流:富水,12-20 08:00,Ⅱ,19.5,7,8.8,0.04,0.2
10750,湖北省,富池闸 所在地市:黄石市所属河流:富水,,"",,,,,
10785,湖北省,富池闸 所在地市:黄石市所属河流:富水,12-21 08:00,"",9.2,8,10.2,296.2,41.9
10820,湖北省,富池闸 所在地市:黄石市所属河流:富水,12-21 16:00,"",10.2,8,10.5,292.6,30.8
10855,湖北省,富池闸 所在地市:黄石市所属河流:富水,12-21 20:00,Ⅲ,9.5,8,10.6,295.9,31.5
10890,湖北省,富池闸 所在地市:黄石市所属河流:富水,12-21 20:00,Ⅲ,9.5,8,10.6,295.9,31.5
10925,湖北省,富池闸 所在地市:黄石市所属河流:富水,12-22 04:00,Ⅲ,9.2,8,10.2,296.6,40.4
10960,湖北省,富池闸 所在地市:黄石市所属河流:富水,12-22 08:00,Ⅲ,9,8,10.3,297.1,60.2
10995,湖北省,富池闸 所在地市:黄石市所属河流:富水,12-22 12:00,Ⅲ,9.3,8,10.3,296.8,82.7
11030,湖北省,富池闸 所在地市:黄石市所属河流:富水,12-22 16:00,Ⅲ,9.2,8,10.2,297,92.7
11065,湖北省,富池闸 所在地市:黄石市所属河流:富水,12-22 20:00,Ⅲ,8.9,8,10.1,297.1,88.1
11101,湖北省,富池闸 所在地市:黄石市所属河流:富水,12-22 20:00,Ⅲ,8.9,8,10.1,297.1,88.1
11137,湖北省,富池闸 所在地市:黄石市所属河流:富水,12-23 04:00,Ⅲ,8.8,8,10.1,301.2,73.7
11173,湖北省,富池闸 所在地市:黄石市所属河流:富水,12-23 08:00,Ⅲ,8.6,8,10.3,300.4,75.6
11209,湖北省,富池闸 所在地市:黄石市所属河流:富水,12-23 12:00,Ⅲ,8.7,8,10.6,299.1,66.5
11245,湖北省,富池闸 所在地市:黄石市所属河流:富水,12-23 16:00,Ⅲ,8.9,8,11,292,51.4
11281,湖北省,富池闸 所在地市:黄石市所属河流:富水,12-23 20:00,Ⅲ,8.6,8,10.3,293.3,41.5
11317,湖北省,富池闸 所在地市:黄石市所属河流:富水,12-23 20:00,Ⅲ,8.6,8,10.3,293.3,41.5
11353,湖北省,富池闸 所在地市:黄石市所属河流:富水,12-24 04:00,Ⅲ,8.3,8,10,292.1,51.6
11389,湖北省,富池闸 所在地市:黄石市所属河流:富水,12-24 08:00,Ⅲ,8.3,8,9.8,291.3,62
11425,湖北省,富池闸 所在地市:黄石市所属河流:富水,12-24 12:00,Ⅲ,9.4,8,10.4,302.6,65.6
11461,湖北省,富池闸 所在地市:黄石市所属河流:富水,12-24 16:00,Ⅲ,10,8,11.2,295.7,55.8
11497,湖北省,富池闸 所在地市:黄石市所属河流:富水,12-24 20:00,Ⅲ,9.3,8,11.2,296,45.1
11533,湖北省,富池闸 所在地市:黄石市所属河流:富水,12-24 20:00,Ⅲ,9.3,8,11.2,296,45.1
11568,湖北省,富池闸 所在地市:黄石市所属河流:富水,12-25 04:00,Ⅲ,8.5,8,10.5,299.5,37.5
11603,湖北省,富池闸 所在地市:黄石市所属河流:富水,12-25 04:00,Ⅲ,8.5,8,10.5,299.5,37.5
11638,湖北省,富池闸 所在地市:黄石市所属河流:富水,12-25 12:00,Ⅲ,8.8,8,11,310.4,36.7
11673,湖北省,富池闸 所在地市:黄石市所属河流:富水,12-25 16:00,Ⅲ,8.9,8,11.3,311.6,41.4
11708,湖北省,富池闸 所在地市:黄石市所属河流:富水,12-25 20:00,Ⅲ,8.6,8,10.4,316.6,50.6
11744,湖北省,富池闸 所在地市:黄石市所属河流:富水,12-25 20:00,Ⅲ,8.6,8,10.4,316.6,50.6
11780,湖北省,富池闸 所在地市:黄石市所属河流:富水,12-26 04:00,Ⅲ,8.6,8,10.3,318.6,40.1
11816,湖北省,富池闸 所在地市:黄石市所属河流:富水,12-26 08:00,Ⅲ,8.6,8,10.1,319.4,42.2
11852,湖北省,富池闸 所在地市:黄石市所属河流:富水,12-26 12:00,Ⅲ,8.9,8,10.4,321.6,44.6
11888,湖北省,富池闸 所在地市:黄石市所属河流:富水,12-26 16:00,Ⅲ,8.9,8,10.8,321.5,43.2
11924,湖北省,富池闸 所在地市:黄石市所属河流:富水,12-26 20:00,Ⅲ,8.8,8,10.5,322.3,41.5
11960,湖北省,富池闸 所在地市:黄石市所属河流:富水,12-26 20:00,Ⅲ,8.8,8,10.5,322.3,41.5
11995,湖北省,富池闸 所在地市:黄石市所属河流:富水,12-27 04:00,Ⅲ,8.6,8,10,323.5,34.7
12030,湖北省,富池闸 所在地市:黄石市所属河流:富水,12-27 08:00,Ⅲ,8.6,8,9.8,324.3,36.1
12065,湖北省,富池闸 所在地市:黄石市所属河流:富水,12-27 12:00,Ⅲ,9.2,8,10.1,322.4,43.3
12100,湖北省,富池闸 所在地市:黄石市所属河流:富水,12-27 16:00,Ⅲ,9.6,8,11.4,313.4,28.6
12135,湖北省,富池闸 所在地市:黄石市所属河流:富水,12-27 20:00,Ⅲ,9.2,8,10.6,312.5,25.9
12170,湖北省,富池闸 所在地市:黄石市所属河流:富水,12-27 20:00,Ⅲ,9.2,8,10.6,312.5,25.9
12205,湖北省,富池闸 所在地市:黄石市所属河流:富水,12-28 04:00,Ⅲ,8.6,8,9.6,317.6,35.1
12240,湖北省,富池闸 所在地市:黄石市所属河流:富水,12-28 08:00,Ⅲ,8.5,8,9.6,315.8,32.3
12275,湖北省,富池闸 所在地市:黄石市所属河流:富水,12-28 12:00,Ⅲ,10,8,10,315.5,29.6
12311,湖北省,富池闸 所在地市:黄石市所属河流:富水,12-28 16:00,Ⅲ,10.2,8,10.5,314.6,21.8
12347,湖北省,富池闸 所在地市:黄石市所属河流:富水,12-28 20:00,Ⅲ,8.9,8,10,313.1,28.1
12383,湖北省,富池闸 所在地市:黄石市所属河流:富水,12-28 20:00,Ⅲ,8.9,8,10,313.1,28.1
12419,湖北省,富池闸 所在地市:黄石市所属河流:富水,12-29 04:00,Ⅲ,18.2,8,8.8,0.6,0.1
12455,湖北省,富池闸 所在地市:黄石市所属河流:富水,12-29 08:00,"",21.7,8,8.3,0.5,0.1
12491,湖北省,富池闸 所在地市:黄石市所属河流:富水,12-29 12:00,"",23.3,7,8.2,0.3,0.2
12527,湖北省,富池闸 所在地市:黄石市所属河流:富水,12-29 16:00,"",23.8,6,8.2,0.1,0.2
12563,湖北省,富池闸 所在地市:黄石市所属河流:富水,12-29 20:00,"",23.4,6,8.3,0.05,0.2
12599,湖北省,富池闸 所在地市:黄石市所属河流:富水,12-29 20:00,"",23.4,6,8.3,0.05,0.2
12635,湖北省,富池闸 所在地市:黄石市所属河流:富水,12-30 04:00,"",23.1,6,8.4,0.04,0.2
12671,湖北省,富池闸 所在地市:黄石市所属河流:富水,,"",,,,,
12707,湖北省,富池闸 所在地市:黄石市所属河流:富水,,"",,,,,
12743,湖北省,富池闸 所在地市:黄石市所属河流:富水,,"",,,,,
12779,湖北省,富池闸 所在地市:黄石市所属河流:富水,12-30 20:00,"",8.6,8,9.8,319,18
12815,湖北省,富池闸 所在地市:黄石市所属河流:富水,12-30 20:00,"",8.6,8,9.8,319,18
12851,湖北省,富池闸 所在地市:黄石市所属河流:富水,12-31 04:00,"",8.2,8,9.4,319,19.7
12887,湖北省,富池闸 所在地市:黄石市所属河流:富水,12-31 08:00,"",8.2,8,9.3,322.8,23.1
12923,湖北省,富池闸 所在地市:黄石市所属河流:富水,12-31 12:00,Ⅲ,9.7,8,9.6,326.3,36.5
12959,湖北省,富池闸 所在地市:黄石市所属河流:富水,12-31 16:00,Ⅲ,9.7,8,9.4,327.4,40.3
12995,湖北省,富池闸 所在地市:黄石市所属河流:富水,12-31 20:00,Ⅲ,8.8,8,9.3,323.8,58.7
13031,湖北省,富池闸 所在地市:黄石市所属河流:富水,12-31 20:00,Ⅲ,8.8,8,9.3,323.8,58.7
13067,湖北省,富池闸 所在地市:黄石市所属河流:富水,01-01 04:00,Ⅲ,8.5,8,9.2,317.6,48.1
13103,湖北省,富池闸 所在地市:黄石市所属河流:富水,01-01 08:00,Ⅲ,8.4,7,9,317.4,51.3
13139,湖北省,富池闸 所在地市:黄石市所属河流:富水,01-01 12:00,Ⅲ,9.8,7,9.1,313.2,60.5
13175,湖北省,富池闸 所在地市:黄石市所属河流:富水,01-01 16:00,Ⅲ,10.1,7,9,312.5,72.2
13211,湖北省,富池闸 所在地市:黄石市所属河流:富水,01-01 20:00,Ⅲ,9,7,8.8,315.1,67.4
13247,湖北省,富池闸 所在地市:黄石市所属河流:富水,01-01 20:00,Ⅲ,9,7,8.8,315.1,67.4
13283,湖北省,富池闸 所在地市:黄石市所属河流:富水,01-02 04:00,Ⅲ,8.9,8,9.4,320.1,35.6
13319,湖北省,富池闸 所在地市:黄石市所属河流:富水,01-02 08:00,Ⅲ,8.6,7,9.1,322.6,38.3
13355,湖北省,富池闸 所在地市:黄石市所属河流:富水,01-02 12:00,Ⅲ,10.1,7,9.1,326.7,43.7
13391,湖北省,富池闸 所在地市:黄石市所属河流:富水,01-02 16:00,Ⅲ,10.6,7,8.9,327.5,60
13427,湖北省,富池闸 所在地市:黄石市所属河流:富水,01-02 20:00,Ⅲ,9.2,7,8.8,328.2,60.4
13463,湖北省,富池闸 所在地市:黄石市所属河流:富水,01-02 20:00,Ⅲ,9.2,7,8.8,328.2,60.4
13499,湖北省,富池闸 所在地市:黄石市所属河流:富水,01-03 04:00,Ⅲ,8.6,7,8.6,329.4,44.9
13535,湖北省,富池闸 所在地市:黄石市所属河流:富水,01-03 08:00,Ⅲ,8.6,7,8.5,329.5,44.6
13571,湖北省,富池闸 所在地市:黄石市所属河流:富水,01-03 12:00,Ⅲ,10,7,8.9,323.9,47.4
13607,湖北省,富池闸 所在地市:黄石市所属河流:富水,01-03 16:00,Ⅲ,9.8,7,8.9,321.4,43.3
13643,湖北省,富池闸 所在地市:黄石市所属河流:富水,01-03 20:00,Ⅲ,9,7,9.5,323,35.7
13679,湖北省,富池闸 所在地市:黄石市所属河流:富水,01-03 20:00,Ⅲ,9,7,9.5,323,35.7
13715,湖北省,富池闸 所在地市:黄石市所属河流:富水,01-04 04:00,Ⅲ,8.8,7,9.3,323.1,30.1
13751,湖北省,富池闸 所在地市:黄石市所属河流:富水,01-04 08:00,Ⅲ,8.9,7,9.5,323.4,28.8
13787,湖北省,富池闸 所在地市:黄石市所属河流:富水,01-04 12:00,Ⅲ,10.1,7,9.6,322.3,38.5
13823,湖北省,富池闸 所在地市:黄石市所属河流:富水,01-04 16:00,Ⅲ,10.3,8,10,321.3,36.6
13859,湖北省,富池闸 所在地市:黄石市所属河流:富水,01-04 20:00,Ⅲ,9.4,7,9.5,321.3,45.2
13895,湖北省,富池闸 所在地市:黄石市所属河流:富水,01-04 20:00,Ⅱ,9.4,7,9.5,321.3,45.2
13931,湖北省,富池闸 所在地市:黄石市所属河流:富水,01-05 04:00,Ⅲ,9.3,7,9.6,324.5,42.4
13967,湖北省,富池闸 所在地市:黄石市所属河流:富水,01-05 08:00,Ⅲ,9.2,7,9.7,328,42.2
14003,湖北省,富池闸 所在地市:黄石市所属河流:富水,01-05 12:00,Ⅲ,10.5,8,9.8,323.2,54.3
14039,湖北省,富池闸 所在地市:黄石市所属河流:富水,01-05 16:00,Ⅲ,10,8,9.8,321,56
14075,湖北省,富池闸 所在地市:黄石市所属河流:富水,01-05 20:00,Ⅲ,9.4,8,10.1,323.8,43.7
14111,湖北省,富池闸 所在地市:黄石市所属河流:富水,01-05 20:00,Ⅲ,9.4,8,10.1,323.8,43.7
14147,湖北省,富池闸 所在地市:黄石市所属河流:富水,01-06 04:00,Ⅲ,9.2,8,9.9,329.6,60.7
14183,湖北省,富池闸 所在地市:黄石市所属河流:富水,01-06 08:00,Ⅲ,9.2,8,9.9,327.4,63.8
14219,湖北省,富池闸 所在地市:黄石市所属河流:富水,01-06 12:00,Ⅱ,10.5,8,10.8,320.4,48.3
14255,湖北省,富池闸 所在地市:黄石市所属河流:富水,01-06 16:00,Ⅲ,11.3,8,12,318.7,44.7
14291,湖北省,富池闸 所在地市:黄石市所属河流:富水,01-06 20:00,Ⅲ,10.1,8,11.7,317.5,34.1
14327,湖北省,富池闸 所在地市:黄石市所属河流:富水,01-06 20:00,Ⅲ,10.1,8,11.7,317.5,34.1
14363,湖北省,富池闸 所在地市:黄石市所属河流:富水,01-07 04:00,Ⅲ,9.4,8,10.2,324.1,41.6
14399,湖北省,富池闸 所在地市:黄石市所属河流:富水,01-07 08:00,Ⅲ,9.2,8,10.2,330.4,53.6
14435,湖北省,富池闸 所在地市:黄石市所属河流:富水,01-07 12:00,Ⅲ,9.7,8,10.4,324.6,64.9
14471,湖北省,富池闸 所在地市:黄石市所属河流:富水,01-07 16:00,Ⅲ,10,8,10.8,321,52.7
14507,湖北省,富池闸 所在地市:黄石市所属河流:富水,01-07 20:00,Ⅲ,9.4,8,10.6,319.4,55.9
14543,湖北省,富池闸 所在地市:黄石市所属河流:富水,01-07 20:00,Ⅲ,9.4,8,10.6,319.4,55.9
14579,湖北省,富池闸 所在地市:黄石市所属河流:富水,01-08 04:00,Ⅲ,9.3,8,10.6,315.4,56
14615,湖北省,富池闸 所在地市:黄石市所属河流:富水,01-08 08:00,Ⅲ,9.6,7,10.5,312,46.2
14651,湖北省,富池闸 所在地市:黄石市所属河流:富水,01-08 12:00,Ⅲ,9.9,8,11.3,314.5,46.9
14687,湖北省,富池闸 所在地市:黄石市所属河流:富水,01-08 16:00,Ⅲ,9.6,8,10.7,317.3,67
14723,湖北省,富池闸 所在地市:黄石市所属河流:富水,01-08 20:00,Ⅲ,9.3,8,10.7,319.2,64.2
14759,湖北省,富池闸 所在地市:黄石市所属河流:富水,01-08 20:00,Ⅲ,9.3,8,10.7,319.2,64.2
14795,湖北省,富池闸 所在地市:黄石市所属河流:富水,01-09 04:00,Ⅲ,8.9,8,10.6,321.6,51.9
14831,湖北省,富池闸 所在地市:黄石市所属河流:富水,01-09 08:00,Ⅲ,8.8,8,10.3,323.7,57.9
14867,湖北省,富池闸 所在地市:黄石市所属河流:富水,01-09 12:00,Ⅲ,9.4,8,10.2,336,75.8
14903,湖北省,富池闸 所在地市:黄石市所属河流:富水,01-09 16:00,Ⅲ,9.3,8,10.2,335.1,77
14939,湖北省,富池闸 所在地市:黄石市所属河流:富水,01-09 20:00,Ⅲ,8.9,8,10.3,332.6,73
14975,湖北省,富池闸 所在地市:黄石市所属河流:富水,01-09 20:00,Ⅲ,8.9,8,10.3,332.6,73
15011,湖北省,富池闸 所在地市:黄石市所属河流:富水,01-10 04:00,Ⅲ,8.3,8,10.4,330.5,60.3
15047,湖北省,富池闸 所在地市:黄石市所属河流:富水,01-10 08:00,Ⅲ,8.2,8,10.3,333.2,48.9
15083,湖北省,富池闸 所在地市:黄石市所属河流:富水,01-10 12:00,Ⅲ,9.6,8,10.6,335.4,58.9
15119,湖北省,富池闸 所在地市:黄石市所属河流:富水,01-10 16:00,Ⅲ,10.1,8,11.5,330.6,57.5
15155,湖北省,富池闸 所在地市:黄石市所属河流:富水,01-10 20:00,Ⅲ,9.2,8,11.1,329.1,53.7
15191,湖北省,富池闸 所在地市:黄石市所属河流:富水,01-10 20:00,Ⅲ,9.2,8,11.1,329.1,53.7
15227,湖北省,富池闸 所在地市:黄石市所属河流:富水,01-11 04:00,Ⅲ,8.3,8,10.3,327.4,45.9
15263,湖北省,富池闸 所在地市:黄石市所属河流:富水,01-11 08:00,Ⅲ,8.3,8,10.2,338.1,59.4
15299,湖北省,富池闸 所在地市:黄石市所属河流:富水,01-11 12:00,Ⅲ,9.7,8,10.9,321.3,63.7
15335,湖北省,富池闸 所在地市:黄石市所属河流:富水,01-11 16:00,Ⅲ,9.7,8,11,320.6,57.5
15371,湖北省,富池闸 所在地市:黄石市所属河流:富水,01-11 20:00,Ⅲ,8.6,8,10.6,323.7,53.1
15407,湖北省,富池闸 所在地市:黄石市所属河流:富水,01-11 20:00,Ⅲ,8.6,8,10.6,323.7,53.1
15443,湖北省,富池闸 所在地市:黄石市所属河流:富水,01-12 04:00,Ⅲ,8.1,8,10.1,324.6,52
15479,湖北省,富池闸 所在地市:黄石市所属河流:富水,01-12 08:00,Ⅲ,8.1,8,10.1,330.6,59.7
15515,湖北省,富池闸 所在地市:黄石市所属河流:富水,01-12 12:00,Ⅲ,10.6,8,11.5,322.1,55.2
15551,湖北省,富池闸 所在地市:黄石市所属河流:富水,01-12 16:00,Ⅲ,11.3,8,12.2,318.7,44.2
15587,湖北省,富池闸 所在地市:黄石市所属河流:富水,01-12 20:00,Ⅲ,9.3,8,11.3,322.5,48
15623,湖北省,富池闸 所在地市:黄石市所属河流:富水,01-12 20:00,Ⅲ,9.3,8,11.3,322.5,48
15659,湖北省,富池闸 所在地市:黄石市所属河流:富水,01-13 04:00,Ⅲ,8.5,8,10.2,333.5,64.8
15695,湖北省,富池闸 所在地市:黄石市所属河流:富水,01-13 08:00,Ⅲ,8.5,8,10.6,330.4,63.4
15731,湖北省,富池闸 所在地市:黄石市所属河流:富水,01-13 12:00,Ⅲ,10.4,8,11.2,325.3,71
15767,湖北省,富池闸 所在地市:黄石市所属河流:富水,01-13 16:00,Ⅲ,10.4,8,11.2,324.7,56.9
15803,湖北省,富池闸 所在地市:黄石市所属河流:富水,01-13 20:00,Ⅲ,9.6,8,10.7,327.2,59.5
15839,湖北省,富池闸 所在地市:黄石市所属河流:富水,01-13 20:00,Ⅲ,9.6,8,10.7,327.2,59.5
15875,湖北省,富池闸 所在地市:黄石市所属河流:富水,01-14 04:00,Ⅲ,9.4,8,10.4,330.4,49.8
15911,湖北省,富池闸 所在地市:黄石市所属河流:富水,01-14 08:00,Ⅲ,9.6,8,10.4,329.1,44.7
15947,湖北省,富池闸 所在地市:黄石市所属河流:富水,01-14 12:00,Ⅲ,9.8,8,11,326.5,42
15983,湖北省,富池闸 所在地市:黄石市所属河流:富水,01-14 16:00,Ⅲ,10,8,11.1,325.8,46.6
16019,湖北省,富池闸 所在地市:黄石市所属河流:富水,01-14 20:00,Ⅲ,9.7,8,10.5,326,51.6
16055,湖北省,富池闸 所在地市:黄石市所属河流:富水,01-14 20:00,Ⅲ,9.7,8,10.5,326,51.6
16091,湖北省,富池闸 所在地市:黄石市所属河流:富水,01-15 04:00,Ⅲ,9.4,8,9.9,327,51.2
16127,湖北省,富池闸 所在地市:黄石市所属河流:富水,01-15 08:00,Ⅲ,8.9,8,9.8,329.5,57.5
16163,湖北省,富池闸 所在地市:黄石市所属河流:富水,01-15 12:00,Ⅲ,10.9,8,10.3,327.9,59
16199,湖北省,富池闸 所在地市:黄石市所属河流:富水,01-15 16:00,Ⅱ,11.8,8,11.1,326.1,64.9
16235,湖北省,富池闸 所在地市:黄石市所属河流:富水,01-15 20:00,Ⅱ,9.3,8,9.8,330.6,64.6
16271,湖北省,富池闸 所在地市:黄石市所属河流:富水,01-15 20:00,Ⅱ,9.3,8,9.8,330.6,64.6
16307,湖北省,富池闸 所在地市:黄石市所属河流:富水,01-16 04:00,Ⅱ,8.9,8,9.8,334.1,57.9
16343,湖北省,富池闸 所在地市:黄石市所属河流:富水,01-16 08:00,Ⅱ,8.8,8,9.7,334.1,60.9
16379,湖北省,富池闸 所在地市:黄石市所属河流:富水,01-16 12:00,Ⅱ,10.8,8,10.3,328.2,59.1
16415,湖北省,富池闸 所在地市:黄石市所属河流:富水,01-16 16:00,Ⅱ,11.7,8,10.4,327,64.9
16451,湖北省,富池闸 所在地市:黄石市所属河流:富水,01-16 20:00,Ⅱ,9.8,8,9.9,328.7,63
16487,湖北省,富池闸 所在地市:黄石市所属河流:富水,01-16 20:00,Ⅱ,9.8,8,9.9,328.7,63
16523,湖北省,富池闸 所在地市:黄石市所属河流:富水,01-17 04:00,Ⅱ,8.8,8,9.3,331.8,70.7
16559,湖北省,富池闸 所在地市:黄石市所属河流:富水,01-17 08:00,Ⅱ,8.7,8,9.3,330.9,58.2
16595,湖北省,富池闸 所在地市:黄石市所属河流:富水,01-17 12:00,Ⅱ,10.5,8,10.1,322.3,56.4
16631,湖北省,富池闸 所在地市:黄石市所属河流:富水,01-17 16:00,Ⅱ,10.8,8,10.1,322.3,50.2
16667,湖北省,富池闸 所在地市:黄石市所属河流:富水,01-17 20:00,Ⅱ,9.3,8,9.7,327.9,53.3
16703,湖北省,富池闸 所在地市:黄石市所属河流:富水,01-17 20:00,Ⅱ,9.3,8,9.7,327.9,53.3
16739,湖北省,富池闸 所在地市:黄石市所属河流:富水,01-18 04:00,Ⅱ,8.9,8,9.5,333.4,70
16775,湖北省,富池闸 所在地市:黄石市所属河流:富水,01-18 08:00,Ⅱ,8.8,8,9.6,331,69.7
16811,湖北省,富池闸 所在地市:黄石市所属河流:富水,01-18 12:00,Ⅱ,11,8,10.1,327.3,70.1
16847,湖北省,富池闸 所在地市:黄石市所属河流:富水,01-18 16:00,Ⅱ,12.5,8,10.6,319.3,73.9
16883,湖北省,富池闸 所在地市:黄石市所属河流:富水,01-18 20:00,Ⅱ,10.2,8,10.3,319.4,67.8
16919,湖北省,富池闸 所在地市:黄石市所属河流:富水,01-18 20:00,Ⅱ,10.2,8,10.3,319.4,67.8
16955,湖北省,富池闸 所在地市:黄石市所属河流:富水,01-19 04:00,Ⅱ,9,8,9.2,325.8,86.1
16991,湖北省,富池闸 所在地市:黄石市所属河流:富水,01-19 08:00,Ⅱ,8.9,8,9.4,324.4,84.6
17027,湖北省,富池闸 所在地市:黄石市所属河流:富水,01-19 12:00,Ⅱ,11.3,8,10.4,319.1,81.3
17063,湖北省,富池闸 所在地市:黄石市所属河流:富水,01-19 16:00,Ⅱ,13.2,8,11.3,314.7,45.1
17099,湖北省,富池闸 所在地市:黄石市所属河流:富水,01-19 20:00,Ⅲ,10.6,8,10.9,317.6,53.4
17135,湖北省,富池闸 所在地市:黄石市所属河流:富水,01-19 20:00,Ⅱ,10.6,8,10.9,317.6,53.4
17171,湖北省,富池闸 所在地市:黄石市所属河流:富水,01-20 04:00,Ⅱ,9.4,8,10.5,320.5,37.4
17207,湖北省,富池闸 所在地市:黄石市所属河流:富水,01-20 08:00,Ⅱ,9.3,8,10.4,321.1,41.2
17243,湖北省,富池闸 所在地市:黄石市所属河流:富水,01-20 12:00,Ⅱ,11.3,8,11,315.4,41.5
17279,湖北省,富池闸 所在地市:黄石市所属河流:富水,01-20 20:00,Ⅱ,10,8,10.5,319.5,39.4
17315,湖北省,富池闸 所在地市:黄石市所属河流:富水,01-20 20:00,Ⅱ,10,8,10.5,319.5,39.4
17351,湖北省,富池闸 所在地市:黄石市所属河流:富水,01-21 04:00,Ⅱ,9.5,8,10.1,325.3,36.6
17387,湖北省,富池闸 所在地市:黄石市所属河流:富水,01-21 08:00,Ⅱ,9.5,8,10.1,325.4,35.3
17423,湖北省,富池闸 所在地市:黄石市所属河流:富水,01-21 12:00,Ⅱ,10.9,8,10.4,323.3,40.7
17459,湖北省,富池闸 所在地市:黄石市所属河流:富水,01-21 16:00,Ⅱ,11.3,8,10.5,323.2,43.3
17495,湖北省,富池闸 所在地市:黄石市所属河流:富水,01-21 20:00,Ⅱ,10.3,8,10.1,326.1,47.3
17531,湖北省,富池闸 所在地市:黄石市所属河流:富水,01-21 20:00,Ⅱ,10.3,8,10.1,326.1,47.3
17567,湖北省,富池闸 所在地市:黄石市所属河流:富水,01-22 04:00,Ⅱ,10.1,8,9.8,329.3,53
17603,湖北省,富池闸 所在地市:黄石市所属河流:富水,01-22 08:00,Ⅱ,10.1,8,9.8,329.5,51.7
17639,湖北省,富池闸 所在地市:黄石市所属河流:富水,01-22 12:00,Ⅱ,11.6,8,10.4,327.9,49.8
17675,湖北省,富池闸 所在地市:黄石市所属河流:富水,01-22 16:00,Ⅱ,12,8,11,326.4,49.3
17711,湖北省,富池闸 所在地市:黄石市所属河流:富水,01-22 20:00,Ⅲ,11,8,10.5,329.1,46.4
17747,湖北省,富池闸 所在地市:黄石市所属河流:富水,01-22 20:00,Ⅱ,11,8,10.5,329.1,46.4
17783,湖北省,富池闸 所在地市:黄石市所属河流:富水,01-23 04:00,Ⅲ,10.5,8,9.8,327.6,49.5
17819,湖北省,富池闸 所在地市:黄石市所属河流:富水,01-23 08:00,Ⅲ,10.4,8,9.8,323.5,42.1
17855,湖北省,富池闸 所在地市:黄石市所属河流:富水,01-23 12:00,Ⅱ,11.1,8,10.1,321.7,38.5
17891,湖北省,富池闸 所在地市:黄石市所属河流:富水,01-23 16:00,Ⅱ,11.2,8,10.4,322.6,37.2
17927,湖北省,富池闸 所在地市:黄石市所属河流:富水,01-23 20:00,Ⅱ,10.8,8,10.2,326,28.7
17963,湖北省,富池闸 所在地市:黄石市所属河流:富水,01-23 20:00,Ⅱ,10.8,8,10.2,326,28.7
17999,湖北省,富池闸 所在地市:黄石市所属河流:富水,01-24 04:00,Ⅱ,10.6,8,10.1,333.2,29.5
18035,湖北省,富池闸 所在地市:黄石市所属河流:富水,01-24 08:00,Ⅱ,10.6,8,10.2,331,25.3
18071,湖北省,富池闸 所在地市:黄石市所属河流:富水,01-24 12:00,Ⅱ,11.2,8,10.5,329.5,26.3
18107,湖北省,富池闸 所在地市:黄石市所属河流:富水,01-24 16:00,Ⅱ,11.1,8,10.6,330.9,25.9
18143,湖北省,富池闸 所在地市:黄石市所属河流:富水,01-24 20:00,Ⅱ,11,8,10.7,331.7,25.5
18179,湖北省,富池闸 所在地市:黄石市所属河流:富水,01-24 20:00,Ⅱ,11,8,10.7,331.7,25.5
18215,湖北省,富池闸 所在地市:黄石市所属河流:富水,01-25 04:00,Ⅱ,10.9,8,10.5,332.8,24.9
18251,湖北省,富池闸 所在地市:黄石市所属河流:富水,01-25 08:00,Ⅲ,10.8,8,10.4,334.5,24.9
18287,湖北省,富池闸 所在地市:黄石市所属河流:富水,01-25 12:00,Ⅱ,10.8,8,10.5,336,30.2
18323,湖北省,富池闸 所在地市:黄石市所属河流:富水,01-25 16:00,Ⅱ,10.6,8,10.3,336.4,30
18359,湖北省,富池闸 所在地市:黄石市所属河流:富水,01-25 20:00,Ⅱ,10.5,8,10,336,29.4
18395,湖北省,富池闸 所在地市:黄石市所属河流:富水,01-25 20:00,Ⅱ,10.5,8,10,336,29.4
18431,湖北省,富池闸 所在地市:黄石市所属河流:富水,01-26 04:00,Ⅱ,10.2,8,10,337,27.1
18467,湖北省,富池闸 所在地市:黄石市所属河流:富水,01-26 08:00,Ⅱ,10.1,8,9.9,337.6,29.1
18503,湖北省,富池闸 所在地市:黄石市所属河流:富水,01-26 12:00,Ⅱ,10.6,8,10.2,334.5,32.6
18539,湖北省,富池闸 所在地市:黄石市所属河流:富水,01-26 16:00,Ⅱ,10.4,8,10.1,334.2,27.6
18575,湖北省,富池闸 所在地市:黄石市所属河流:富水,01-26 20:00,Ⅱ,10.1,8,9.8,336.4,24.6
18610,湖北省,富池闸 所在地市:黄石市所属河流:富水,01-26 20:00,Ⅱ,10.1,8,9.8,336.4,24.6
18645,湖北省,富池闸 所在地市:黄石市所属河流:富水,01-27 04:00,Ⅱ,9.6,8,9.5,341.3,27.9
18680,湖北省,富池闸 所在地市:黄石市所属河流:富水,01-27 08:00,Ⅱ,9.6,8,9.4,341.3,24.4
18715,湖北省,富池闸 所在地市:黄石市所属河流:富水,01-27 12:00,Ⅱ,11.6,8,10.1,340.3,19.9
18750,湖北省,富池闸 所在地市:黄石市所属河流:富水,01-27 16:00,Ⅱ,12.6,8,10.5,337.3,21.8
18785,湖北省,富池闸 所在地市:黄石市所属河流:富水,01-27 20:00,Ⅱ,10.3,8,10.4,340,20.4
18820,湖北省,富池闸 所在地市:黄石市所属河流:富水,01-27 20:00,Ⅱ,10.3,8,10.4,340,20.4
18856,湖北省,富池闸 所在地市:黄石市所属河流:富水,01-28 04:00,Ⅱ,9.4,8,9.2,342.8,30.8
18892,湖北省,富池闸 所在地市:黄石市所属河流:富水,01-28 08:00,Ⅱ,9.2,8,9.5,342.5,24.2
18928,湖北省,富池闸 所在地市:黄石市所属河流:富水,01-28 12:00,Ⅱ,11.5,8,10.1,339.6,20.1
18964,湖北省,富池闸 所在地市:黄石市所属河流:富水,01-28 16:00,Ⅱ,12.8,8,10.3,333.7,17.7
19000,湖北省,富池闸 所在地市:黄石市所属河流:富水,01-28 20:00,Ⅱ,10.8,8,10.2,336.6,18.8
19036,湖北省,富池闸 所在地市:黄石市所属河流:富水,01-28 20:00,Ⅱ,10.8,8,10.2,336.6,18.8
19072,湖北省,富池闸 所在地市:黄石市所属河流:富水,01-29 04:00,Ⅱ,9.7,8,9.9,337.3,16.5
19108,湖北省,富池闸 所在地市:黄石市所属河流:富水,01-29 08:00,Ⅱ,9.3,8,9.7,337.5,18.8
19144,湖北省,富池闸 所在地市:黄石市所属河流:富水,01-29 12:00,Ⅱ,10.6,8,10.2,333,19.7
19180,湖北省,富池闸 所在地市:黄石市所属河流:富水,01-29 16:00,Ⅱ,10.9,8,10.1,330.1,22
19216,湖北省,富池闸 所在地市:黄石市所属河流:富水,01-29 20:00,Ⅱ,9.8,8,9.7,334.2,25.4
19252,湖北省,富池闸 所在地市:黄石市所属河流:富水,01-29 20:00,Ⅱ,9.8,8,9.7,334.2,25.4
19288,湖北省,富池闸 所在地市:黄石市所属河流:富水,01-30 04:00,Ⅱ,9.4,8,9.6,334.5,27.6
19324,湖北省,富池闸 所在地市:黄石市所属河流:富水,01-30 08:00,Ⅱ,9.5,8,9.5,334.2,27.6
19360,湖北省,富池闸 所在地市:黄石市所属河流:富水,01-30 12:00,Ⅱ,10.9,8,9.7,331.6,28.8
19396,湖北省,富池闸 所在地市:黄石市所属河流:富水,01-30 16:00,Ⅱ,11.3,8,9.7,327.7,28.7
19432,湖北省,富池闸 所在地市:黄石市所属河流:富水,01-30 20:00,Ⅱ,10.4,8,9.5,330.8,30
19468,湖北省,富池闸 所在地市:黄石市所属河流:富水,01-30 20:00,Ⅱ,10.4,8,9.5,330.8,30
19504,湖北省,富池闸 所在地市:黄石市所属河流:富水,01-31 04:00,Ⅱ,10.2,8,9.5,329.6,27.7
19540,湖北省,富池闸 所在地市:黄石市所属河流:富水,01-31 08:00,Ⅱ,10.1,8,9.5,329.1,27.6
19576,湖北省,富池闸 所在地市:黄石市所属河流:富水,01-31 12:00,Ⅱ,10.2,8,9.6,329.2,29.8
19612,湖北省,富池闸 所在地市:黄石市所属河流:富水,01-31 16:00,Ⅱ,10.2,8,9.6,329.2,31.7
19648,湖北省,富池闸 所在地市:黄石市所属河流:富水,01-31 20:00,Ⅱ,10.1,8,9.5,329.4,31.6
19684,湖北省,富池闸 所在地市:黄石市所属河流:富水,01-31 20:00,Ⅱ,10.1,8,9.5,329.4,31.6
19720,湖北省,富池闸 所在地市:黄石市所属河流:富水,02-01 04:00,Ⅱ,10,8,9.6,330,27.2
19756,湖北省,富池闸 所在地市:黄石市所属河流:富水,02-01 08:00,Ⅱ,10,8,9.6,330.4,32
19792,湖北省,富池闸 所在地市:黄石市所属河流:富水,02-01 12:00,Ⅱ,10.1,8,9.7,329.6,30.5
19828,湖北省,富池闸 所在地市:黄石市所属河流:富水,02-01 16:00,Ⅱ,10.2,8,9.9,329.2,28.3
19864,湖北省,富池闸 所在地市:黄石市所属河流:富水,02-01 20:00,Ⅱ,10,8,9.6,331.1,27.5
19900,湖北省,富池闸 所在地市:黄石市所属河流:富水,02-01 20:00,Ⅱ,10,8,9.6,331.1,27.5
19936,湖北省,富池闸 所在地市:黄石市所属河流:富水,02-02 04:00,Ⅱ,10,8,9.5,332.2,31.2
19972,湖北省,富池闸 所在地市:黄石市所属河流:富水,02-02 08:00,Ⅱ,10,8,9.5,332.8,31.3
20008,湖北省,富池闸 所在地市:黄石市所属河流:富水,02-02 12:00,Ⅱ,10.1,8,9.6,333.1,30.8
20044,湖北省,富池闸 所在地市:黄石市所属河流:富水,02-02 16:00,Ⅱ,10.2,8,9.6,333.3,31
20080,湖北省,富池闸 所在地市:黄石市所属河流:富水,02-02 20:00,Ⅱ,10,8,9.5,334.2,29.6
20116,湖北省,富池闸 所在地市:黄石市所属河流:富水,02-02 20:00,Ⅱ,10,8,9.5,334.2,29.6
20152,湖北省,富池闸 所在地市:黄石市所属河流:富水,02-03 04:00,Ⅱ,10,8,9.4,335.7,30.1
20188,湖北省,富池闸 所在地市:黄石市所属河流:富水,02-03 08:00,Ⅱ,10,8,9.2,336.9,31.2
20224,湖北省,富池闸 所在地市:黄石市所属河流:富水,02-03 12:00,Ⅱ,10.1,8,9.3,337.2,32
20259,湖北省,富池闸 所在地市:黄石市所属河流:富水,02-03 16:00,Ⅱ,11.2,8,9.8,334.3,30.1
20294,湖北省,富池闸 所在地市:黄石市所属河流:富水,02-03 20:00,Ⅱ,10.1,8,9.5,337.5,31.2
20329,湖北省,富池闸 所在地市:黄石市所属河流:富水,02-03 20:00,Ⅱ,10.1,8,9.5,337.5,31.2
20364,湖北省,富池闸 所在地市:黄石市所属河流:富水,02-04 04:00,Ⅱ,9.4,8,9,340,36.4
20399,湖北省,富池闸 所在地市:黄石市所属河流:富水,02-04 08:00,Ⅱ,9.5,8,9.1,339.9,34.2
20434,湖北省,富池闸 所在地市:黄石市所属河流:富水,02-04 12:00,Ⅱ,11,8,9.4,338.4,35.1
20469,湖北省,富池闸 所在地市:黄石市所属河流:富水,02-04 16:00,Ⅱ,12.3,8,9.5,335.3,38.4
20504,湖北省,富池闸 所在地市:黄石市所属河流:富水,02-04 20:00,Ⅱ,10.3,8,9.4,339.6,36.4
20540,湖北省,富池闸 所在地市:黄石市所属河流:富水,02-04 20:00,Ⅱ,10.3,8,9.4,339.6,36.4
20576,湖北省,富池闸 所在地市:黄石市所属河流:富水,02-05 04:00,Ⅱ,9.8,8,8.8,340.7,35.8
20612,湖北省,富池闸 所在地市:黄石市所属河流:富水,02-05 08:00,Ⅱ,9.7,8,9,341.5,37.3
20648,湖北省,富池闸 所在地市:黄石市所属河流:富水,02-05 12:00,Ⅱ,11.1,8,10.1,340.1,34.7
20684,湖北省,富池闸 所在地市:黄石市所属河流:富水,02-05 16:00,Ⅱ,10.9,8,10,340.2,36.9
20720,湖北省,富池闸 所在地市:黄石市所属河流:富水,02-05 20:00,Ⅱ,10.5,8,10.1,341.5,37.7
20756,湖北省,富池闸 所在地市:黄石市所属河流:富水,02-05 20:00,Ⅱ,10.5,8,10.1,341.5,37.7
20792,湖北省,富池闸 所在地市:黄石市所属河流:富水,02-06 04:00,Ⅱ,9.6,8,9.2,343.6,47.2
20828,湖北省,富池闸 所在地市:黄石市所属河流:富水,02-06 08:00,Ⅱ,9.7,8,9.2,347.3,28.8
20864,湖北省,富池闸 所在地市:黄石市所属河流:富水,02-06 12:00,Ⅱ,9.7,8,9.2,343.7,34.4
20900,湖北省,富池闸 所在地市:黄石市所属河流:富水,02-06 12:00,Ⅱ,9.7,8,9.2,343.7,34.4
20936,湖北省,富池闸 所在地市:黄石市所属河流:富水,02-06 20:00,Ⅱ,9.6,8,9,344.6,31.5
20972,湖北省,富池闸 所在地市:黄石市所属河流:富水,02-06 20:00,Ⅱ,9.6,8,9,344.6,31.5
21008,湖北省,富池闸 所在地市:黄石市所属河流:富水,02-07 04:00,Ⅱ,9.2,8,8.8,345.9,33.3
21044,湖北省,富池闸 所在地市:黄石市所属河流:富水,02-07 08:00,Ⅱ,9,8,8.9,346.3,31.5
21080,湖北省,富池闸 所在地市:黄石市所属河流:富水,02-07 12:00,Ⅱ,10.5,8,9.1,338.5,34.1
21116,湖北省,富池闸 所在地市:黄石市所属河流:富水,02-07 16:00,Ⅱ,10.4,8,9.4,336.8,34.2
21152,湖北省,富池闸 所在地市:黄石市所属河流:富水,02-07 20:00,Ⅱ,9.4,8,9.1,344.7,32.8
21188,湖北省,富池闸 所在地市:黄石市所属河流:富水,02-07 20:00,Ⅱ,9.4,8,9.1,344.7,32.8
21224,湖北省,富池闸 所在地市:黄石市所属河流:富水,02-08 04:00,Ⅱ,8.8,8,9,348,33
21260,湖北省,富池闸 所在地市:黄石市所属河流:富水,02-08 08:00,Ⅱ,8.5,8,9,349.1,34.8
21296,湖北省,富池闸 所在地市:黄石市所属河流:富水,02-08 12:00,Ⅱ,9.6,8,9.1,345.8,29.6
21332,湖北省,富池闸 所在地市:黄石市所属河流:富水,02-08 16:00,Ⅱ,10.2,8,9.4,344.7,28.8
21368,湖北省,富池闸 所在地市:黄石市所属河流:富水,02-08 20:00,Ⅱ,9.2,8,9.1,347.9,29.9
21404,湖北省,富池闸 所在地市:黄石市所属河流:富水,02-08 20:00,Ⅱ,9.2,8,9.1,347.9,29.9
21439,湖北省,富池闸 所在地市:黄石市所属河流:富水,02-09 04:00,Ⅱ,8.6,8,8.6,355.6,37.6
21474,湖北省,富池闸 所在地市:黄石市所属河流:富水,02-09 08:00,Ⅱ,8.5,8,8.7,357.6,34.9
21509,湖北省,富池闸 所在地市:黄石市所属河流:富水,02-09 12:00,Ⅱ,10,8,8.8,354.8,39.7
21545,湖北省,富池闸 所在地市:黄石市所属河流:富水,02-09 16:00,Ⅱ,10.2,8,8.9,351.2,41
21581,湖北省,富池闸 所在地市:黄石市所属河流:富水,02-09 20:00,Ⅱ,9,8,8.7,354.3,41
21617,湖北省,富池闸 所在地市:黄石市所属河流:富水,02-09 20:00,Ⅱ,9,8,8.7,354.3,41
21653,湖北省,富池闸 所在地市:黄石市所属河流:富水,02-10 04:00,Ⅱ,8.8,8,8.7,354.6,35.1
21689,湖北省,富池闸 所在地市:黄石市所属河流:富水,02-10 08:00,Ⅱ,8.6,8,8.6,355.5,38.9
21725,湖北省,富池闸 所在地市:黄石市所属河流:富水,02-10 12:00,Ⅱ,9.2,8,8.9,355.1,37.3
21761,湖北省,富池闸 所在地市:黄石市所属河流:富水,02-10 16:00,Ⅱ,9,8,8.8,356.1,39.9
21797,湖北省,富池闸 所在地市:黄石市所属河流:富水,02-10 20:00,Ⅱ,8.9,8,8.8,357.6,35.2
21833,湖北省,富池闸 所在地市:黄石市所属河流:富水,02-10 20:00,Ⅱ,8.9,8,8.8,357.6,35.2
21868,湖北省,富池闸 所在地市:黄石市所属河流:富水,02-11 04:00,Ⅱ,8.6,8,9,357.1,30.9
21903,湖北省,富池闸 所在地市:黄石市所属河流:富水,02-11 08:00,Ⅱ,8.5,8,9.1,358.2,31.6
21938,湖北省,富池闸 所在地市:黄石市所属河流:富水,02-11 12:00,Ⅱ,8.5,8,9.2,360.1,34.9
21973,湖北省,富池闸 所在地市:黄石市所属河流:富水,02-11 16:00,Ⅱ,8.6,8,9.3,358.8,31.9
22008,湖北省,富池闸 所在地市:黄石市所属河流:富水,02-11 20:00,Ⅱ,8.5,8,9.2,359.2,33.3
22043,湖北省,富池闸 所在地市:黄石市所属河流:富水,02-11 20:00,Ⅱ,8.5,8,9.2,359.2,33.3
22078,湖北省,富池闸 所在地市:黄石市所属河流:富水,02-12 04:00,Ⅱ,8.6,8,8.9,366.5,28.8
22113,湖北省,富池闸 所在地市:黄石市所属河流:富水,02-12 08:00,Ⅲ,8.6,8,8.5,371.7,39.4
22148,湖北省,富池闸 所在地市:黄石市所属河流:富水,02-12 12:00,Ⅲ,8.8,7,8.5,375.8,33.1
22183,湖北省,富池闸 所在地市:黄石市所属河流:富水,02-12 16:00,Ⅲ,8.9,7,8.5,380.3,31.5
22218,湖北省,富池闸 所在地市:黄石市所属河流:富水,02-12 20:00,Ⅲ,8.7,7,8.3,383.1,29.2
22253,湖北省,富池闸 所在地市:黄石市所属河流:富水,02-12 20:00,Ⅳ,8.7,7,8.3,383.1,29.2
22288,湖北省,富池闸 所在地市:黄石市所属河流:富水,02-13 04:00,Ⅳ,8.3,7,8.1,388.9,40.5
22323,湖北省,富池闸 所在地市:黄石市所属河流:富水,02-13 08:00,Ⅳ,8.5,7,8.1,392.1,42.1
22358,湖北省,富池闸 所在地市:黄石市所属河流:富水,02-13 12:00,Ⅴ,9.4,7,8.2,386,42.5
22393,湖北省,富池闸 所在地市:黄石市所属河流:富水,02-13 16:00,Ⅴ,9.4,7,8.1,387.3,42.1
22429,湖北省,富池闸 所在地市:黄石市所属河流:富水,02-13 20:00,Ⅳ,9,7,8.6,394,43.8
22465,湖北省,富池闸 所在地市:黄石市所属河流:富水,02-13 20:00,劣Ⅴ,9,7,8.6,394,43.8
22501,湖北省,富池闸 所在地市:黄石市所属河流:富水,02-14 04:00,Ⅴ,9,7,8.9,392.8,31
22537,湖北省,富池闸 所在地市:黄石市所属河流:富水,02-14 08:00,劣Ⅴ,8.8,7,8.8,389.3,34.1
22573,湖北省,富池闸 所在地市:黄石市所属河流:富水,02-14 12:00,Ⅴ,8.9,8,8.9,382.6,28.6
22609,湖北省,富池闸 所在地市:黄石市所属河流:富水,02-14 16:00,Ⅳ,9,8,9.4,371.7,27.1
22645,湖北省,富池闸 所在地市:黄石市所属河流:富水,02-14 20:00,Ⅳ,9,8,9.3,370.8,26.8
22681,湖北省,富池闸 所在地市:黄石市所属河流:富水,02-14 20:00,Ⅲ,9,8,9.3,370.8,26.8
22717,湖北省,富池闸 所在地市:黄石市所属河流:富水,02-15 04:00,Ⅲ,8.9,8,9.3,363.7,36.1
22753,湖北省,富池闸 所在地市:黄石市所属河流:富水,02-15 08:00,Ⅱ,8.9,8,9.4,362.8,29.4
22789,湖北省,富池闸 所在地市:黄石市所属河流:富水,02-15 12:00,Ⅱ,9.4,8,9.7,359.9,23.8
22825,湖北省,富池闸 所在地市:黄石市所属河流:富水,02-15 16:00,Ⅱ,10.8,8,10,356.9,36.5
22861,湖北省,富池闸 所在地市:黄石市所属河流:富水,02-15 20:00,Ⅱ,9.6,8,9.7,358.5,33.8
22897,湖北省,富池闸 所在地市:黄石市所属河流:富水,02-15 20:00,Ⅱ,9.6,8,9.7,358.5,33.8
22933,湖北省,富池闸 所在地市:黄石市所属河流:富水,02-16 00:00,Ⅱ,9.2,8,9.5,359.1,38.3
22969,湖北省,富池闸 所在地市:黄石市所属河流:富水,,"",,,,,
23005,湖北省,富池闸 所在地市:黄石市所属河流:富水,02-16 12:00,Ⅱ,10.1,8,10.3,363.1,27.4
23041,湖北省,富池闸 所在地市:黄石市所属河流:富水,02-16 16:00,Ⅱ,11.4,8,10.7,359.1,24.6
23077,湖北省,富池闸 所在地市:黄石市所属河流:富水,02-16 20:00,Ⅱ,10.6,8,10.7,354.2,16.6
23113,湖北省,富池闸 所在地市:黄石市所属河流:富水,02-16 20:00,Ⅲ,10.6,8,10.7,354.2,16.6
23149,湖北省,富池闸 所在地市:黄石市所属河流:富水,02-17 04:00,Ⅲ,9.8,8,10.1,353.5,20
23185,湖北省,富池闸 所在地市:黄石市所属河流:富水,02-17 08:00,Ⅲ,9.5,8,10,354.6,21.1
23221,湖北省,富池闸 所在地市:黄石市所属河流:富水,02-17 12:00,Ⅲ,9.8,7,10.1,349.8,21.6
23257,湖北省,富池闸 所在地市:黄石市所属河流:富水,02-17 16:00,Ⅲ,9.5,8,10.2,353.8,23.5
23293,湖北省,富池闸 所在地市:黄石市所属河流:富水,02-17 20:00,Ⅲ,9.4,8,10.1,355,21.1
23329,湖北省,富池闸 所在地市:黄石市所属河流:富水,02-17 20:00,Ⅲ,9.4,8,10.1,355,21.1
23365,湖北省,富池闸 所在地市:黄石市所属河流:富水,02-18 04:00,Ⅲ,9,8,9.8,353.3,18.8
23401,湖北省,富池闸 所在地市:黄石市所属河流:富水,02-18 08:00,Ⅲ,9.2,8,9.8,349.4,19.8
23437,湖北省,富池闸 所在地市:黄石市所属河流:富水,02-18 12:00,Ⅱ,11.3,8,10.4,345.7,16.3
23473,湖北省,富池闸 所在地市:黄石市所属河流:富水,02-18 16:00,Ⅱ,11.4,8,10.6,346.4,20
23509,湖北省,富池闸 所在地市:黄石市所属河流:富水,02-18 20:00,Ⅲ,10.4,8,10.1,348.9,27.3
23545,湖北省,富池闸 所在地市:黄石市所属河流:富水,02-18 20:00,Ⅲ,10.4,8,10.1,348.9,27.3
23581,湖北省,富池闸 所在地市:黄石市所属河流:富水,02-19 04:00,Ⅲ,10.1,8,9.8,352.3,21.7
23617,湖北省,富池闸 所在地市:黄石市所属河流:富水,02-19 08:00,Ⅲ,10.1,8,9.9,352.2,22.6
23653,湖北省,富池闸 所在地市:黄石市所属河流:富水,02-19 12:00,Ⅱ,10.6,8,10.1,348,22.2
23689,湖北省,富池闸 所在地市:黄石市所属河流:富水,02-19 16:00,Ⅱ,10.4,8,10,346.4,22.1
23725,湖北省,富池闸 所在地市:黄石市所属河流:富水,02-19 20:00,Ⅲ,10.2,8,9.9,345.3,20.8
23761,湖北省,富池闸 所在地市:黄石市所属河流:富水,02-19 20:00,Ⅲ,10.2,8,9.9,345.3,20.8
23797,湖北省,富池闸 所在地市:黄石市所属河流:富水,02-20 04:00,Ⅲ,10.1,8,9.6,345.6,21.6
23833,湖北省,富池闸 所在地市:黄石市所属河流:富水,02-20 08:00,Ⅲ,10,8,9.6,346.6,28.9
23869,湖北省,富池闸 所在地市:黄石市所属河流:富水,02-20 12:00,Ⅲ,10.4,8,10.1,345.3,26.2
23905,湖北省,富池闸 所在地市:黄石市所属河流:富水,02-20 16:00,Ⅲ,10.2,8,9.7,347.5,31.8
23941,湖北省,富池闸 所在地市:黄石市所属河流:富水,02-20 20:00,Ⅲ,10,8,9.4,350.4,32
23977,湖北省,富池闸 所在地市:黄石市所属河流:富水,02-20 20:00,Ⅲ,10,8,9.4,350.4,32
24013,湖北省,富池闸 所在地市:黄石市所属河流:富水,02-21 04:00,Ⅲ,9.8,8,9.2,354.5,48.7
24049,湖北省,富池闸 所在地市:黄石市所属河流:富水,02-21 08:00,Ⅲ,9.7,8,9.3,354.1,43.8
24085,湖北省,富池闸 所在地市:黄石市所属河流:富水,02-21 12:00,Ⅱ,11,8,9.7,352.8,35.7
24121,湖北省,富池闸 所在地市:黄石市所属河流:富水,02-21 16:00,Ⅲ,10.8,8,9.7,353.6,37.5
24157,湖北省,富池闸 所在地市:黄石市所属河流:富水,02-21 20:00,Ⅲ,10.2,8,9.4,356.3,33.5
24193,湖北省,富池闸 所在地市:黄石市所属河流:富水,02-21 20:00,Ⅲ,10.2,8,9.4,356.3,33.5
24229,湖北省,富池闸 所在地市:黄石市所属河流:富水,02-22 04:00,Ⅲ,10.1,8,9.3,358.7,32.2
24265,湖北省,富池闸 所在地市:黄石市所属河流:富水,02-22 08:00,Ⅲ,9.8,8,9.3,360.9,36.3
24301,湖北省,富池闸 所在地市:黄石市所属河流:富水,02-22 12:00,Ⅲ,10,8,9.4,359.8,31
24337,湖北省,富池闸 所在地市:黄石市所属河流:富水,02-22 16:00,Ⅲ,10,8,9.5,362,32.2
24373,湖北省,富池闸 所在地市:黄石市所属河流:富水,02-22 20:00,Ⅲ,10,8,9.3,363.1,30.7
24409,湖北省,富池闸 所在地市:黄石市所属河流:富水,02-22 20:00,Ⅲ,10,8,9.3,363.1,30.7
24445,湖北省,富池闸 所在地市:黄石市所属河流:富水,02-23 04:00,Ⅲ,9.7,8,9.3,362.2,23.2
24481,湖北省,富池闸 所在地市:黄石市所属河流:富水,02-23 08:00,Ⅲ,9.8,8,9.2,363.1,30.3
24517,湖北省,富池闸 所在地市:黄石市所属河流:富水,02-23 12:00,Ⅲ,10.8,8,9.7,366.8,28.8
24553,湖北省,富池闸 所在地市:黄石市所属河流:富水,02-23 16:00,Ⅲ,12.2,8,10.5,363.7,26.1
24589,湖北省,富池闸 所在地市:黄石市所属河流:富水,02-23 20:00,Ⅲ,10.9,8,10.7,358.4,22.9
24625,湖北省,富池闸 所在地市:黄石市所属河流:富水,02-23 20:00,Ⅲ,10.9,8,10.7,358.4,22.9
24661,湖北省,富池闸 所在地市:黄石市所属河流:富水,02-24 04:00,Ⅲ,10,8,9.7,362.3,27.3
24697,湖北省,富池闸 所在地市:黄石市所属河流:富水,02-24 08:00,Ⅲ,10,8,10.2,361.7,24.9
24733,湖北省,富池闸 所在地市:黄石市所属河流:富水,02-24 12:00,Ⅲ,11.2,8,10.8,360.5,27.8
24769,湖北省,富池闸 所在地市:黄石市所属河流:富水,02-24 16:00,Ⅲ,11.1,8,11.1,360,26.9
24805,湖北省,富池闸 所在地市:黄石市所属河流:富水,02-24 20:00,Ⅲ,10.7,8,11.2,362.2,25.4
24841,湖北省,富池闸 所在地市:黄石市所属河流:富水,02-24 20:00,Ⅲ,10.7,8,11.2,362.2,25.4
24877,湖北省,富池闸 所在地市:黄石市所属河流:富水,02-25 04:00,Ⅲ,10.8,8,11.3,360.5,17.8
24913,湖北省,富池闸 所在地市:黄石市所属河流:富水,02-25 08:00,Ⅲ,10.6,8,11,361.2,18.6
24949,湖北省,富池闸 所在地市:黄石市所属河流:富水,02-25 12:00,Ⅲ,10.8,8,11.4,363.1,23.3
24985,湖北省,富池闸 所在地市:黄石市所属河流:富水,02-25 16:00,Ⅲ,10.9,8,11.6,363.5,22
25021,湖北省,富池闸 所在地市:黄石市所属河流:富水,02-25 20:00,Ⅲ,10.5,8,11.1,363.8,24.5
25057,湖北省,富池闸 所在地市:黄石市所属河流:富水,02-25 20:00,Ⅲ,10.5,8,11.1,363.8,24.5
25093,湖北省,富池闸 所在地市:黄石市所属河流:富水,02-26 04:00,Ⅱ,10.4,8,10.4,365.7,24.5
25129,湖北省,富池闸 所在地市:黄石市所属河流:富水,02-26 08:00,Ⅱ,10.4,8,10.4,368.5,25.9
25165,湖北省,富池闸 所在地市:黄石市所属河流:富水,02-26 08:00,Ⅱ,10.4,8,10.4,368.5,25.9
25201,湖北省,富池闸 所在地市:黄石市所属河流:富水,02-26 16:00,Ⅱ,11.8,8,11,365,27.5
25237,湖北省,富池闸 所在地市:黄石市所属河流:富水,02-26 20:00,Ⅱ,11.2,8,10.9,363.9,27
25273,湖北省,富池闸 所在地市:黄石市所属河流:富水,02-26 20:00,Ⅲ,11.2,8,10.9,363.9,27
25309,湖北省,富池闸 所在地市:黄石市所属河流:富水,02-27 04:00,Ⅲ,11.3,8,10.7,358.2,21.1
25345,湖北省,富池闸 所在地市:黄石市所属河流:富水,02-27 08:00,Ⅲ,11.3,8,10.7,356.5,22.4
25381,湖北省,富池闸 所在地市:黄石市所属河流:富水,02-27 12:00,Ⅱ,12.7,8,10.5,356,23.5
25417,湖北省,富池闸 所在地市:黄石市所属河流:富水,02-27 16:00,Ⅱ,13.4,8,10.8,355.5,23.9
25453,湖北省,富池闸 所在地市:黄石市所属河流:富水,02-27 20:00,Ⅲ,12.4,8,10.4,359.3,26.8
25489,湖北省,富池闸 所在地市:黄石市所属河流:富水,02-27 20:00,Ⅲ,12.4,8,10.4,359.3,26.8
25525,湖北省,富池闸 所在地市:黄石市所属河流:富水,02-28 04:00,Ⅲ,12.4,8,9.6,362.1,26.5
25561,湖北省,富池闸 所在地市:黄石市所属河流:富水,02-28 08:00,Ⅲ,12.5,8,9.3,362.7,28.2
25597,湖北省,富池闸 所在地市:黄石市所属河流:富水,02-28 12:00,Ⅲ,13.9,8,9.2,364.4,28.1
25633,湖北省,富池闸 所在地市:黄石市所属河流:富水,02-28 16:00,Ⅲ,14.6,8,9.1,364.1,40.5
25669,湖北省,富池闸 所在地市:黄石市所属河流:富水,02-28 20:00,Ⅲ,13.7,8,8.9,365.3,29.9
25705,湖北省,富池闸 所在地市:黄石市所属河流:富水,02-28 20:00,Ⅲ,13.7,8,8.9,365.3,29.9
25741,湖北省,富池闸 所在地市:黄石市所属河流:富水,03-01 04:00,Ⅲ,14.4,8,8.4,363.3,38.6
25777,湖北省,富池闸 所在地市:黄石市所属河流:富水,03-01 08:00,Ⅲ,14.2,8,8.9,360.7,27.8
25813,湖北省,富池闸 所在地市:黄石市所属河流:富水,03-01 12:00,Ⅲ,16.6,8,9.1,357.6,44.5
25849,湖北省,富池闸 所在地市:黄石市所属河流:富水,03-01 16:00,Ⅲ,16.2,8,9.2,355.6,23
25885,湖北省,富池闸 所在地市:黄石市所属河流:富水,03-01 20:00,Ⅲ,15,8,9.2,355.4,21.4
25921,湖北省,富池闸 所在地市:黄石市所属河流:富水,03-01 20:00,Ⅲ,15,8,9.2,355.4,21.4
25957,湖北省,富池闸 所在地市:黄石市所属河流:富水,03-02 04:00,Ⅲ,15.6,8,9,354.8,21.8
25993,湖北省,富池闸 所在地市:黄石市所属河流:富水,03-02 08:00,Ⅲ,16.2,8,9.2,354.3,18
26029,湖北省,富池闸 所在地市:黄石市所属河流:富水,03-02 12:00,Ⅲ,18.6,8,10.7,352.5,21.9
26065,湖北省,富池闸 所在地市:黄石市所属河流:富水,03-02 16:00,Ⅲ,18.6,8,11,348.5,24.3
26101,湖北省,富池闸 所在地市:黄石市所属河流:富水,03-02 20:00,Ⅲ,16.2,8,10.2,348.4,29.3
26137,湖北省,富池闸 所在地市:黄石市所属河流:富水,03-02 20:00,Ⅲ,16.2,8,10.2,348.4,29.3
26173,湖北省,富池闸 所在地市:黄石市所属河流:富水,03-03 04:00,Ⅲ,14.3,8,9.1,358.4,40.1
26209,湖北省,富池闸 所在地市:黄石市所属河流:富水,03-03 08:00,Ⅲ,14,8,9.2,359.7,35.9
26245,湖北省,富池闸 所在地市:黄石市所属河流:富水,03-03 12:00,Ⅱ,14.3,8,9.2,358.9,38.6
26281,湖北省,富池闸 所在地市:黄石市所属河流:富水,03-03 16:00,Ⅱ,14.5,8,9.8,354.3,33.7
26317,湖北省,富池闸 所在地市:黄石市所属河流:富水,03-03 20:00,Ⅱ,13.9,8,9.2,353.9,45.6
26353,湖北省,富池闸 所在地市:黄石市所属河流:富水,03-03 20:00,Ⅱ,13.9,8,9.2,353.9,45.6
26389,湖北省,富池闸 所在地市:黄石市所属河流:富水,03-04 04:00,Ⅱ,13.4,8,8.8,352.5,75
26425,湖北省,富池闸 所在地市:黄石市所属河流:富水,03-04 08:00,Ⅱ,13.2,8,8.5,354.4,77.3
26461,湖北省,富池闸 所在地市:黄石市所属河流:富水,03-04 12:00,Ⅱ,13.2,8,8.7,350.2,51.3
26497,湖北省,富池闸 所在地市:黄石市所属河流:富水,03-04 16:00,Ⅱ,13.1,8,8.8,347.2,46.6
26533,湖北省,富池闸 所在地市:黄石市所属河流:富水,03-04 20:00,Ⅱ,13,8,8.6,347.3,51.9
26569,湖北省,富池闸 所在地市:黄石市所属河流:富水,03-04 20:00,Ⅱ,13,8,8.6,347.3,51.9
26605,湖北省,富池闸 所在地市:黄石市所属河流:富水,03-05 04:00,Ⅱ,12.8,8,8.5,342.5,43.8
26641,湖北省,富池闸 所在地市:黄石市所属河流:富水,03-05 08:00,Ⅱ,12.5,8,8.6,342.5,53.2
26677,湖北省,富池闸 所在地市:黄石市所属河流:富水,03-05 12:00,Ⅱ,12.5,8,8.8,342.5,54.6
26713,湖北省,富池闸 所在地市:黄石市所属河流:富水,03-05 12:00,Ⅱ,12.5,8,8.8,342.5,54.6
26749,湖北省,富池闸 所在地市:黄石市所属河流:富水,03-05 20:00,Ⅱ,12.2,8,9,342.7,43
26785,湖北省,富池闸 所在地市:黄石市所属河流:富水,03-05 20:00,Ⅱ,12.2,8,9,342.7,43
26821,湖北省,富池闸 所在地市:黄石市所属河流:富水,03-06 04:00,Ⅱ,12,8,8.8,342.2,33.2
26857,湖北省,富池闸 所在地市:黄石市所属河流:富水,03-06 08:00,Ⅲ,12,8,8.7,342.4,34.4
26893,湖北省,富池闸 所在地市:黄石市所属河流:富水,03-06 12:00,Ⅱ,12.9,8,8.8,345.7,40.4
26929,湖北省,富池闸 所在地市:黄石市所属河流:富水,03-06 16:00,Ⅱ,13.8,8,8.6,350.6,42
26965,湖北省,富池闸 所在地市:黄石市所属河流:富水,03-06 20:00,Ⅲ,12.8,7,7.8,358,42.4
27001,湖北省,富池闸 所在地市:黄石市所属河流:富水,03-06 20:00,Ⅲ,12.8,7,7.8,358,42.4
27037,湖北省,富池闸 所在地市:黄石市所属河流:富水,03-07 04:00,Ⅲ,12.1,7,7.3,364.2,30.1
27073,湖北省,富池闸 所在地市:黄石市所属河流:富水,03-07 08:00,Ⅲ,12.1,7,7.5,362.5,28.1
27109,湖北省,富池闸 所在地市:黄石市所属河流:富水,03-07 12:00,Ⅲ,13.2,7,7.9,356.5,31.4
27145,湖北省,富池闸 所在地市:黄石市所属河流:富水,03-07 16:00,Ⅲ,13.7,8,7.9,352.3,39.9
27181,湖北省,富池闸 所在地市:黄石市所属河流:富水,03-07 20:00,Ⅲ,12.9,8,8.5,353.9,30.3
27217,湖北省,富池闸 所在地市:黄石市所属河流:富水,03-07 20:00,Ⅲ,12.9,8,8.5,353.9,30.3
27253,湖北省,富池闸 所在地市:黄石市所属河流:富水,03-08 04:00,Ⅲ,12.1,8,8.5,354.8,32.7
27289,湖北省,富池闸 所在地市:黄石市所属河流:富水,03-08 08:00,Ⅱ,12.2,8,8.5,354.9,31.6
27325,湖北省,富池闸 所在地市:黄石市所属河流:富水,03-08 12:00,Ⅱ,13.8,8,8.7,353,40.7
27361,湖北省,富池闸 所在地市:黄石市所属河流:富水,03-08 16:00,Ⅱ,13.8,8,8.9,352.3,34.9
27397,湖北省,富池闸 所在地市:黄石市所属河流:富水,03-08 20:00,Ⅲ,13.4,8,8.9,351.5,37
27433,湖北省,富池闸 所在地市:黄石市所属河流:富水,03-08 20:00,Ⅱ,13.4,8,8.9,351.5,37
27469,湖北省,富池闸 所在地市:黄石市所属河流:富水,03-09 04:00,Ⅲ,12.8,8,8,344.6,30.4
27505,湖北省,富池闸 所在地市:黄石市所属河流:富水,03-09 08:00,Ⅳ,12.8,8,8.1,345.9,32.1
27541,湖北省,富池闸 所在地市:黄石市所属河流:富水,03-09 12:00,Ⅳ,12.8,8,8.4,347.4,34.2
27577,湖北省,富池闸 所在地市:黄石市所属河流:富水,03-09 16:00,Ⅱ,13.1,8,8.7,346.3,25.1
27613,湖北省,富池闸 所在地市:黄石市所属河流:富水,03-09 20:00,Ⅲ,12.9,8,8.5,347.1,30.7
27649,湖北省,富池闸 所在地市:黄石市所属河流:富水,03-09 20:00,Ⅲ,12.9,8,8.5,347.1,30.7
27685,湖北省,富池闸 所在地市:黄石市所属河流:富水,03-10 04:00,Ⅲ,12.9,8,8.5,347.8,22.4
27721,湖北省,富池闸 所在地市:黄石市所属河流:富水,03-10 08:00,Ⅲ,13,8,8.4,350.9,28
27757,湖北省,富池闸 所在地市:黄石市所属河流:富水,03-10 12:00,Ⅳ,14,8,8.9,353.9,28.8
27793,湖北省,富池闸 所在地市:黄石市所属河流:富水,03-10 16:00,Ⅳ,14,8,8.8,351.7,27
27829,湖北省,富池闸 所在地市:黄石市所属河流:富水,03-10 20:00,Ⅱ,13.7,8,8.5,351.4,26.8
27865,湖北省,富池闸 所在地市:黄石市所属河流:富水,03-10 20:00,Ⅱ,13.7,8,8.5,351.4,26.8
27901,湖北省,富池闸 所在地市:黄石市所属河流:富水,03-11 04:00,Ⅲ,13.5,8,8.2,350.7,25.7
27937,湖北省,富池闸 所在地市:黄石市所属河流:富水,03-11 08:00,Ⅲ,13.6,8,8.4,349.6,22.3
27973,湖北省,富池闸 所在地市:黄石市所属河流:富水,03-11 12:00,Ⅱ,14,8,8.4,349.1,29
28009,湖北省,富池闸 所在地市:黄石市所属河流:富水,03-11 16:00,Ⅲ,14,8,8.3,349.2,29.9
28045,湖北省,富池闸 所在地市:黄石市所属河流:富水,03-11 20:00,Ⅱ,13.9,8,8.4,349.3,24.5
28081,湖北省,富池闸 所在地市:黄石市所属河流:富水,03-11 20:00,Ⅲ,13.9,8,8.4,349.3,24.5
28117,湖北省,富池闸 所在地市:黄石市所属河流:富水,03-12 04:00,Ⅲ,14,8,8.6,345.3,19.5
28153,湖北省,富池闸 所在地市:黄石市所属河流:富水,03-12 08:00,Ⅲ,13.9,8,8.2,345.4,21.8
28189,湖北省,富池闸 所在地市:黄石市所属河流:富水,03-12 12:00,Ⅲ,14,8,9.1,349.8,22.3
28225,湖北省,富池闸 所在地市:黄石市所属河流:富水,03-12 16:00,Ⅲ,14.1,8,9.2,342.9,23.2
28261,湖北省,富池闸 所在地市:黄石市所属河流:富水,03-12 20:00,Ⅲ,13.9,8,8.6,346.9,28.4
28297,湖北省,富池闸 所在地市:黄石市所属河流:富水,03-12 20:00,Ⅲ,13.9,8,8.6,346.9,28.4
28333,湖北省,富池闸 所在地市:黄石市所属河流:富水,03-13 04:00,Ⅲ,13.7,7,8.1,347.3,25.8
28369,湖北省,富池闸 所在地市:黄石市所属河流:富水,03-13 08:00,Ⅲ,13.7,7,8.1,348.7,22.2
28405,湖北省,富池闸 所在地市:黄石市所属河流:富水,03-13 12:00,Ⅲ,13.8,7,8.3,349.2,29.3
28441,湖北省,富池闸 所在地市:黄石市所属河流:富水,03-13 16:00,Ⅲ,13.8,7,8.4,350.8,31.4
28477,湖北省,富池闸 所在地市:黄石市所属河流:富水,03-13 20:00,Ⅲ,13.8,7,8.5,352.3,25.2
28513,湖北省,富池闸 所在地市:黄石市所属河流:富水,03-13 20:00,Ⅲ,13.8,7,8.5,352.3,25.2
28549,湖北省,富池闸 所在地市:黄石市所属河流:富水,03-14 04:00,Ⅲ,13.7,8,9,347.4,25.9
28585,湖北省,富池闸 所在地市:黄石市所属河流:富水,03-14 08:00,Ⅲ,13.7,8,9.1,348,23.9
28621,湖北省,富池闸 所在地市:黄石市所属河流:富水,03-14 12:00,Ⅲ,13.6,8,9.2,348.8,27.7
28657,湖北省,富池闸 所在地市:黄石市所属河流:富水,03-14 16:00,Ⅲ,13.6,8,9.1,348.8,36.5
28693,湖北省,富池闸 所在地市:黄石市所属河流:富水,03-14 20:00,Ⅲ,13.6,8,9,349.1,26.7
28729,湖北省,富池闸 所在地市:黄石市所属河流:富水,03-14 20:00,Ⅲ,13.6,8,9,349.1,26.7
28765,湖北省,富池闸 所在地市:黄石市所属河流:富水,03-15 04:00,Ⅲ,13.3,8,8.8,342.9,25.9
28801,湖北省,富池闸 所在地市:黄石市所属河流:富水,03-15 08:00,Ⅲ,13,8,8.6,340.6,31.2
28837,湖北省,富池闸 所在地市:黄石市所属河流:富水,03-15 12:00,Ⅱ,12.9,7,8.6,338,35.6
28873,湖北省,富池闸 所在地市:黄石市所属河流:富水,03-15 16:00,Ⅲ,12.8,7,8.5,335.8,30.2
28909,湖北省,富池闸 所在地市:黄石市所属河流:富水,03-15 20:00,Ⅲ,12.5,7,8.6,334,33.1
28945,湖北省,富池闸 所在地市:黄石市所属河流:富水,03-15 20:00,Ⅲ,12.5,7,8.6,334,33.1
28981,湖北省,富池闸 所在地市:黄石市所属河流:富水,03-16 04:00,Ⅲ,12.1,7,8.6,332.6,26.6
29017,湖北省,富池闸 所在地市:黄石市所属河流:富水,03-16 08:00,Ⅲ,12,7,8.5,332.9,26.3
29053,湖北省,富池闸 所在地市:黄石市所属河流:富水,03-16 12:00,Ⅲ,12.5,7,9.5,329.7,25.3
29089,湖北省,富池闸 所在地市:黄石市所属河流:富水,03-16 16:00,Ⅲ,12.6,7,8.4,330.5,30.8
29125,湖北省,富池闸 所在地市:黄石市所属河流:富水,03-16 20:00,Ⅱ,12.5,7,8.6,331.3,28.4
29161,湖北省,富池闸 所在地市:黄石市所属河流:富水,03-16 20:00,Ⅱ,12.5,7,8.6,331.3,28.4
29197,湖北省,富池闸 所在地市:黄石市所属河流:富水,03-17 04:00,Ⅲ,12.2,7,8.7,334.8,31
29233,湖北省,富池闸 所在地市:黄石市所属河流:富水,03-17 08:00,Ⅲ,12.1,7,8.5,341.8,26.7
29269,湖北省,富池闸 所在地市:黄石市所属河流:富水,03-17 12:00,Ⅲ,13.1,7,8.3,346.3,33.6
29305,湖北省,富池闸 所在地市:黄石市所属河流:富水,03-17 16:00,Ⅲ,13.5,7,8.5,341.1,28.2
29341,湖北省,富池闸 所在地市:黄石市所属河流:富水,03-17 20:00,Ⅲ,13,7,8.5,339,35.2
29378,湖北省,富池闸 所在地市:黄石市所属河流:富水,03-17 20:00,Ⅲ,13,7,8.5,339,35.2
29415,湖北省,富池闸 所在地市:黄石市所属河流:富水,03-18 04:00,Ⅲ,12.6,7,8.4,339.4,26.3
29452,湖北省,富池闸 所在地市:黄石市所属河流:富水,03-18 08:00,Ⅲ,12.5,7,8.3,343.8,36.2
29489,湖北省,富池闸 所在地市:黄石市所属河流:富水,03-18 12:00,Ⅲ,14.2,7,8.2,352.5,29.2
29526,湖北省,富池闸 所在地市:黄石市所属河流:富水,03-18 16:00,Ⅲ,14,7,8.1,357.5,32.9
29563,湖北省,富池闸 所在地市:黄石市所属河流:富水,03-18 20:00,Ⅲ,13.7,7,8.2,354.2,31.9
29600,湖北省,富池闸 所在地市:黄石市所属河流:富水,03-18 20:00,Ⅳ,13.7,7,8.2,354.2,31.9
29637,湖北省,富池闸 所在地市:黄石市所属河流:富水,03-19 04:00,Ⅳ,13.3,7,8.4,344.1,35.3
29674,湖北省,富池闸 所在地市:黄石市所属河流:富水,03-19 08:00,Ⅳ,13.2,7,8.4,343.6,37.3
29711,湖北省,富池闸 所在地市:黄石市所属河流:富水,03-19 12:00,Ⅳ,15.2,7,8.6,342.9,30
29748,湖北省,富池闸 所在地市:黄石市所属河流:富水,03-19 16:00,Ⅳ,16.9,7,8.6,344,28.7
29785,湖北省,富池闸 所在地市:黄石市所属河流:富水,03-19 20:00,Ⅳ,14.4,7,8.6,349,36.1
29822,湖北省,富池闸 所在地市:黄石市所属河流:富水,03-19 20:00,Ⅱ,14.4,7,8.6,349,36.1
29859,湖北省,富池闸 所在地市:黄石市所属河流:富水,03-20 04:00,Ⅳ,13.7,7,8.4,349.2,30.1
29896,湖北省,富池闸 所在地市:黄石市所属河流:富水,03-20 08:00,Ⅳ,13.8,7,8.4,347.9,33
29933,湖北省,富池闸 所在地市:黄石市所属河流:富水,03-20 12:00,Ⅳ,15.8,7,8.6,346.3,29.9
29970,湖北省,富池闸 所在地市:黄石市所属河流:富水,03-20 16:00,Ⅱ,16.9,8,8.7,349,29.7
30007,湖北省,富池闸 所在地市:黄石市所属河流:富水,03-20 20:00,Ⅱ,15.3,8,9,353.9,24.1
30044,湖北省,富池闸 所在地市:黄石市所属河流:富水,03-20 20:00,Ⅱ,15.3,8,9,353.9,24.1
30081,湖北省,富池闸 所在地市:黄石市所属河流:富水,03-21 04:00,Ⅱ,14.8,7,8.7,356.4,24.1
30118,湖北省,富池闸 所在地市:黄石市所属河流:富水,03-21 08:00,Ⅱ,14.7,7,8.9,357.1,20.8
30155,湖北省,富池闸 所在地市:黄石市所属河流:富水,03-21 12:00,Ⅱ,17.6,8,9.6,355.2,17
30192,湖北省,富池闸 所在地市:黄石市所属河流:富水,03-21 16:00,Ⅱ,19.7,8,10.7,351.9,16.6
30229,湖北省,富池闸 所在地市:黄石市所属河流:富水,03-21 20:00,Ⅱ,17.7,8,12,352.8,14.8
30266,湖北省,富池闸 所在地市:黄石市所属河流:富水,03-21 20:00,Ⅱ,17.7,8,12,352.8,14.8
30303,湖北省,富池闸 所在地市:黄石市所属河流:富水,03-22 04:00,Ⅱ,16.5,8,11.8,351,15
30340,湖北省,富池闸 所在地市:黄石市所属河流:富水,03-22 08:00,Ⅱ,15.7,8,11.4,352,16.2
30377,湖北省,富池闸 所在地市:黄石市所属河流:富水,03-22 12:00,Ⅱ,18.4,8,11.1,354.3,15.9
30414,湖北省,富池闸 所在地市:黄石市所属河流:富水,03-22 16:00,Ⅱ,20.8,9,15.6,342.1,18.6
30451,湖北省,富池闸 所在地市:黄石市所属河流:富水,03-22 20:00,Ⅲ,19.4,9,16.3,341.5,17.5
30488,湖北省,富池闸 所在地市:黄石市所属河流:富水,03-22 20:00,Ⅱ,19.4,9,16.3,341.5,17.5
30525,湖北省,富池闸 所在地市:黄石市所属河流:富水,03-22 20:00,Ⅱ,19.4,9,16.3,341.5,17.5
30562,湖北省,富池闸 所在地市:黄石市所属河流:富水,,"",,,,,
30599,湖北省,富池闸 所在地市:黄石市所属河流:富水,03-23 12:00,Ⅱ,18.4,9,17,343.2,22.9
30636,湖北省,富池闸 所在地市:黄石市所属河流:富水,03-23 16:00,Ⅲ,18.3,9,18.7,335.5,22
30673,湖北省,富池闸 所在地市:黄石市所属河流:富水,03-23 20:00,Ⅲ,17.9,9,17.7,335.7,19.4
30710,湖北省,富池闸 所在地市:黄石市所属河流:富水,03-23 20:00,Ⅲ,17.9,9,17.7,335.7,19.4
30747,湖北省,富池闸 所在地市:黄石市所属河流:富水,03-24 04:00,Ⅱ,17.1,8,14.4,339.5,17.5
30784,湖北省,富池闸 所在地市:黄石市所属河流:富水,03-24 08:00,Ⅱ,16.8,8,13.1,343.3,19.5
30821,湖北省,富池闸 所在地市:黄石市所属河流:富水,03-24 12:00,Ⅱ,19.8,8,13.7,340.3,15.9
30858,湖北省,富池闸 所在地市:黄石市所属河流:富水,03-24 16:00,Ⅱ,21.8,9,17,329.4,18.6
30895,湖北省,富池闸 所在地市:黄石市所属河流:富水,03-24 20:00,Ⅱ,19,9,17.4,329.7,17.4
30932,湖北省,富池闸 所在地市:黄石市所属河流:富水,03-24 20:00,Ⅱ,19,9,17.4,329.7,17.4
30969,湖北省,富池闸 所在地市:黄石市所属河流:富水,03-25 04:00,Ⅱ,18.6,8,14.7,335.3,20.4
31006,湖北省,富池闸 所在地市:黄石市所属河流:富水,03-25 08:00,Ⅱ,18.1,8,12.8,344.1,22.8
31043,湖北省,富池闸 所在地市:黄石市所属河流:富水,03-25 12:00,Ⅱ,20.1,8,13,344.7,20.1
31080,湖北省,富池闸 所在地市:黄石市所属河流:富水,03-25 16:00,Ⅱ,22.3,9,15,339.6,20.1
31117,湖北省,富池闸 所在地市:黄石市所属河流:富水,03-25 20:00,Ⅱ,20.1,8,14.4,342.4,22.5
31154,湖北省,富池闸 所在地市:黄石市所属河流:富水,03-25 20:00,Ⅱ,20.1,8,14.4,342.4,22.5
31191,湖北省,富池闸 所在地市:黄石市所属河流:富水,03-26 04:00,Ⅱ,18.7,8,10.1,347,32.1
31228,湖北省,富池闸 所在地市:黄石市所属河流:富水,03-26 08:00,Ⅱ,18.6,8,9.6,347.5,34.2
31265,湖北省,富池闸 所在地市:黄石市所属河流:富水,03-26 12:00,Ⅱ,21.2,8,10.7,341.9,31
31302,湖北省,富池闸 所在地市:黄石市所属河流:富水,03-26 16:00,Ⅱ,24,8,13.6,331.5,28.6
31339,湖北省,富池闸 所在地市:黄石市所属河流:富水,03-26 20:00,Ⅱ,21.1,8,11.1,334.5,39.9
31376,湖北省,富池闸 所在地市:黄石市所属河流:富水,03-26 20:00,Ⅱ,21.1,8,11.1,334.5,39.9
31413,湖北省,富池闸 所在地市:黄石市所属河流:富水,03-27 04:00,Ⅱ,20.3,8,9.5,334.7,39.6
31450,湖北省,富池闸 所在地市:黄石市所属河流:富水,03-27 08:00,Ⅱ,20,8,9.2,335.7,42.9
31487,湖北省,富池闸 所在地市:黄石市所属河流:富水,03-27 12:00,Ⅱ,21.1,8,9.6,334.3,42.2
31524,湖北省,富池闸 所在地市:黄石市所属河流:富水,03-27 12:00,Ⅱ,21.1,8,9.6,334.3,42.2
31561,湖北省,富池闸 所在地市:黄石市所属河流:富水,03-27 12:00,Ⅱ,21.1,8,9.6,334.3,42.2
31598,湖北省,富池闸 所在地市:黄石市所属河流:富水,03-27 12:00,Ⅱ,21.1,8,9.6,334.3,42.2
31635,湖北省,富池闸 所在地市:黄石市所属河流:富水,03-27 12:00,Ⅱ,21.1,8,9.6,334.3,42.2
31672,湖北省,富池闸 所在地市:黄石市所属河流:富水,,"",,,,,
31709,湖北省,富池闸 所在地市:黄石市所属河流:富水,03-28 12:00,"",18.8,8,7.7,346.5,54.3
31746,湖北省,富池闸 所在地市:黄石市所属河流:富水,03-28 16:00,Ⅱ,18.1,7,7.5,348,59
31783,湖北省,富池闸 所在地市:黄石市所属河流:富水,03-28 20:00,Ⅱ,17.5,7,7.5,346.8,56.2
31820,湖北省,富池闸 所在地市:黄石市所属河流:富水,03-28 20:00,Ⅱ,17.5,7,7.5,346.8,56.2
31857,湖北省,富池闸 所在地市:黄石市所属河流:富水,03-29 04:00,Ⅱ,16.8,7,7.6,343.8,46.6
31894,湖北省,富池闸 所在地市:黄石市所属河流:富水,03-29 08:00,Ⅱ,16.4,7,7.8,344.1,58.4
31931,湖北省,富池闸 所在地市:黄石市所属河流:富水,03-29 12:00,Ⅱ,16.3,7,8,342.9,48.4
31968,湖北省,富池闸 所在地市:黄石市所属河流:富水,03-29 16:00,Ⅱ,16,7,8,342.6,48.6
32005,湖北省,富池闸 所在地市:黄石市所属河流:富水,03-29 20:00,Ⅱ,15.7,7,8,341.8,56.4
32042,湖北省,富池闸 所在地市:黄石市所属河流:富水,03-29 20:00,Ⅱ,15.7,7,8,341.8,56.4
32079,湖北省,富池闸 所在地市:黄石市所属河流:富水,03-30 04:00,Ⅱ,15.4,7,7.9,342.1,42.8
32116,湖北省,富池闸 所在地市:黄石市所属河流:富水,03-30 08:00,Ⅱ,15.3,7,7.7,343.5,56.1
32153,湖北省,富池闸 所在地市:黄石市所属河流:富水,03-30 12:00,Ⅱ,16,7,7.7,342.2,53.2
32190,湖北省,富池闸 所在地市:黄石市所属河流:富水,03-30 16:00,Ⅱ,15.9,7,7.7,341.4,51.5
32227,湖北省,富池闸 所在地市:黄石市所属河流:富水,03-30 20:00,Ⅱ,15.2,7,7.8,343,54.7
32264,湖北省,富池闸 所在地市:黄石市所属河流:富水,03-30 20:00,Ⅱ,15.2,7,7.8,343,54.7
32301,湖北省,富池闸 所在地市:黄石市所属河流:富水,03-31 04:00,Ⅱ,14.3,7,8.1,342.1,53.3
32338,湖北省,富池闸 所在地市:黄石市所属河流:富水,03-31 08:00,Ⅱ,14.2,7,8,341.2,53.9
32375,湖北省,富池闸 所在地市:黄石市所属河流:富水,03-31 12:00,Ⅱ,15.1,7,8.2,338.9,46.7
32412,湖北省,富池闸 所在地市:黄石市所属河流:富水,03-31 16:00,Ⅱ,15,7,8.2,337.5,44
32449,湖北省,富池闸 所在地市:黄石市所属河流:富水,03-31 20:00,Ⅱ,14.3,7,8,339.1,47.8
32486,湖北省,富池闸 所在地市:黄石市所属河流:富水,03-31 20:00,Ⅱ,14.3,7,8,339.1,47.8
32523,湖北省,富池闸 所在地市:黄石市所属河流:富水,04-01 04:00,Ⅱ,13.8,7,8.2,338.8,49.9
32560,湖北省,富池闸 所在地市:黄石市所属河流:富水,04-01 08:00,Ⅱ,14,7,8.2,340.2,50.7
32597,湖北省,富池闸 所在地市:黄石市所属河流:富水,04-01 12:00,Ⅱ,16.6,7,8.2,338.9,46.5
32634,湖北省,富池闸 所在地市:黄石市所属河流:富水,04-01 16:00,Ⅱ,17.2,7,8,335.3,49.7
32671,湖北省,富池闸 所在地市:黄石市所属河流:富水,04-01 20:00,Ⅱ,15.4,7,8.1,336.6,46
32708,湖北省,富池闸 所在地市:黄石市所属河流:富水,04-01 20:00,Ⅱ,15.4,7,8.1,336.6,46
32745,湖北省,富池闸 所在地市:黄石市所属河流:富水,04-02 04:00,Ⅱ,14.7,7,8,337.9,51
32782,湖北省,富池闸 所在地市:黄石市所属河流:富水,04-02 08:00,Ⅱ,14.9,7,8.1,339.1,45.2
32819,湖北省,富池闸 所在地市:黄石市所属河流:富水,04-02 12:00,Ⅱ,17.9,7,8.1,335.3,53.7
32856,湖北省,富池闸 所在地市:黄石市所属河流:富水,04-02 16:00,Ⅱ,19.4,7,8.1,335.2,48.2
32893,湖北省,富池闸 所在地市:黄石市所属河流:富水,04-02 20:00,Ⅱ,17.2,8,8.4,335.5,46.3
32930,湖北省,富池闸 所在地市:黄石市所属河流:富水,04-02 20:00,Ⅱ,17.2,8,8.4,335.5,46.3
32967,湖北省,富池闸 所在地市:黄石市所属河流:富水,04-03 04:00,Ⅱ,16.1,7,7.9,337.4,46.4
33004,湖北省,富池闸 所在地市:黄石市所属河流:富水,04-03 08:00,Ⅱ,16.2,7,8.3,339.1,44.4
33041,湖北省,富池闸 所在地市:黄石市所属河流:富水,04-03 12:00,Ⅱ,17.8,8,8.8,336.8,46.2
33078,湖北省,富池闸 所在地市:黄石市所属河流:富水,04-03 16:00,Ⅱ,19.1,8,9.4,337.1,49.5
33115,湖北省,富池闸 所在地市:黄石市所属河流:富水,04-03 20:00,Ⅱ,17.2,8,9,338.1,47.9
33152,湖北省,富池闸 所在地市:黄石市所属河流:富水,04-03 20:00,Ⅱ,17.2,8,9,338.1,47.9
33189,湖北省,富池闸 所在地市:黄石市所属河流:富水,04-04 04:00,Ⅱ,17,8,9.3,339,54.3
33226,湖北省,富池闸 所在地市:黄石市所属河流:富水,04-04 08:00,Ⅱ,17.2,8,9.2,338.5,50.7
33263,湖北省,富池闸 所在地市:黄石市所属河流:富水,04-04 12:00,Ⅱ,18,8,9.6,339.6,60.2
33300,湖北省,富池闸 所在地市:黄石市所属河流:富水,04-04 16:00,Ⅱ,17.8,8,10.1,340.2,54.8
33337,湖北省,富池闸 所在地市:黄石市所属河流:富水,04-04 20:00,Ⅱ,17.3,8,9.9,341.6,51.8
33374,湖北省,富池闸 所在地市:黄石市所属河流:富水,04-04 20:00,Ⅱ,17.3,8,9.9,341.6,51.8
33411,湖北省,富池闸 所在地市:黄石市所属河流:富水,04-05 04:00,Ⅱ,17.1,8,9.3,341.9,65.9
33448,湖北省,富池闸 所在地市:黄石市所属河流:富水,04-05 08:00,Ⅱ,17.4,8,8.8,344.2,58.3
33485,湖北省,富池闸 所在地市:黄石市所属河流:富水,04-05 12:00,Ⅱ,19.3,8,9.8,343,47.2
33522,湖北省,富池闸 所在地市:黄石市所属河流:富水,04-05 16:00,Ⅱ,21.4,8,13.2,334.6,30.4
33559,湖北省,富池闸 所在地市:黄石市所属河流:富水,04-05 20:00,Ⅱ,19.5,8,14,336.5,10.4
33596,湖北省,富池闸 所在地市:黄石市所属河流:富水,04-05 20:00,Ⅱ,19.5,8,14,336.5,10.4
33633,湖北省,富池闸 所在地市:黄石市所属河流:富水,04-06 04:00,Ⅱ,17.6,8,10.7,342.7,7.9
33670,湖北省,富池闸 所在地市:黄石市所属河流:富水,04-06 08:00,Ⅱ,18.1,8,10.9,342.3,7.2
33707,湖北省,富池闸 所在地市:黄石市所属河流:富水,04-06 12:00,Ⅱ,21.5,8,11,344.6,5.4
33744,湖北省,富池闸 所在地市:黄石市所属河流:富水,04-06 16:00,Ⅱ,23.3,8,12.1,335.4,6.4
33781,湖北省,富池闸 所在地市:黄石市所属河流:富水,04-06 20:00,Ⅱ,21.2,8,12.4,338.2,9.6
33818,湖北省,富池闸 所在地市:黄石市所属河流:富水,04-06 20:00,Ⅱ,21.2,8,12.4,338.2,9.6
33855,湖北省,富池闸 所在地市:黄石市所属河流:富水,04-07 04:00,Ⅱ,19.8,8,11.8,340.5,6
33892,湖北省,富池闸 所在地市:黄石市所属河流:富水,04-07 08:00,Ⅱ,19.7,8,11.4,340.4,7.4
33929,湖北省,富池闸 所在地市:黄石市所属河流:富水,04-07 12:00,Ⅱ,21.4,8,12.4,337.8,5.7
33966,湖北省,富池闸 所在地市:黄石市所属河流:富水,04-07 16:00,Ⅱ,21.6,8,13.4,335.4,4.4
34003,湖北省,富池闸 所在地市:黄石市所属河流:富水,04-07 20:00,Ⅱ,20.2,8,13.1,337.2,7.2
34040,湖北省,富池闸 所在地市:黄石市所属河流:富水,04-07 20:00,Ⅱ,20.2,8,13.1,337.2,7.2
34077,湖北省,富池闸 所在地市:黄石市所属河流:富水,04-08 04:00,Ⅱ,20,8,12.7,340.7,4
34114,湖北省,富池闸 所在地市:黄石市所属河流:富水,04-08 08:00,Ⅱ,20.3,8,12.4,340.9,4.3
34151,湖北省,富池闸 所在地市:黄石市所属河流:富水,04-08 12:00,Ⅱ,22.9,8,12.3,338.2,8.3
34188,湖北省,富池闸 所在地市:黄石市所属河流:富水,04-08 12:00,Ⅱ,22.9,8,12.3,338.2,8.3
34225,湖北省,富池闸 所在地市:黄石市所属河流:富水,04-08 20:00,Ⅱ,21.5,8,12.7,337.3,11.7
34262,湖北省,富池闸 所在地市:黄石市所属河流:富水,04-08 20:00,Ⅱ,21.5,8,12.7,337.3,11.7
34299,湖北省,富池闸 所在地市:黄石市所属河流:富水,04-09 04:00,Ⅱ,21,8,12,337.9,4.4
34336,湖北省,富池闸 所在地市:黄石市所属河流:富水,04-09 08:00,Ⅱ,21.5,8,12.1,338.4,4.5
34373,湖北省,富池闸 所在地市:黄石市所属河流:富水,04-09 12:00,Ⅱ,25.2,8,11.9,339.5,5.8
34410,湖北省,富池闸 所在地市:黄石市所属河流:富水,04-09 16:00,Ⅱ,26.7,8,12.1,334.6,5.9
34447,湖北省,富池闸 所在地市:黄石市所属河流:富水,04-09 20:00,Ⅱ,25.1,8,11.4,336.2,5.4
34484,湖北省,富池闸 所在地市:黄石市所属河流:富水,04-09 20:00,Ⅱ,25.1,8,11.4,336.2,5.4
34521,湖北省,富池闸 所在地市:黄石市所属河流:富水,04-10 04:00,Ⅱ,23.4,8,11.9,331.8,6.7
34558,湖北省,富池闸 所在地市:黄石市所属河流:富水,04-10 08:00,Ⅱ,23.2,8,12.3,329.4,7
34595,湖北省,富池闸 所在地市:黄石市所属河流:富水,04-10 12:00,Ⅱ,25.1,8,13.9,323.4,7.5
34632,湖北省,富池闸 所在地市:黄石市所属河流:富水,04-10 16:00,Ⅱ,27,8,14.7,316.8,8.4
34669,湖北省,富池闸 所在地市:黄石市所属河流:富水,04-10 20:00,Ⅱ,25.5,8,13.1,320.9,7.9
34706,湖北省,富池闸 所在地市:黄石市所属河流:富水,04-10 20:00,Ⅱ,25.5,8,13.1,320.9,7.9
34743,湖北省,富池闸 所在地市:黄石市所属河流:富水,04-11 04:00,Ⅱ,23.9,8,13,318.3,9.2
34780,湖北省,富池闸 所在地市:黄石市所属河流:富水,04-11 08:00,Ⅱ,23.7,8,13,318.9,8
34817,湖北省,富池闸 所在地市:黄石市所属河流:富水,04-11 12:00,Ⅱ,24.5,8,14.5,320.9,7.7
34854,湖北省,富池闸 所在地市:黄石市所属河流:富水,04-11 16:00,Ⅱ,24.1,8,14.4,323.2,8.7
34891,湖北省,富池闸 所在地市:黄石市所属河流:富水,04-11 16:00,Ⅱ,24.1,8,14.4,323.2,8.7
34928,湖北省,富池闸 所在地市:黄石市所属河流:富水,04-11 16:00,Ⅱ,24.1,8,14.4,323.2,8.7
34965,湖北省,富池闸 所在地市:黄石市所属河流:富水,04-12 04:00,Ⅱ,22.7,8,10,315.8,27.3
35002,湖北省,富池闸 所在地市:黄石市所属河流:富水,04-12 08:00,Ⅱ,21.6,8,8.3,321.7,46.8
35039,湖北省,富池闸 所在地市:黄石市所属河流:富水,04-12 12:00,Ⅱ,20.9,8,7.6,324.4,41.7
35076,湖北省,富池闸 所在地市:黄石市所属河流:富水,04-12 16:00,Ⅱ,21.2,8,7.5,325.2,47.4
35113,湖北省,富池闸 所在地市:黄石市所属河流:富水,04-12 20:00,Ⅱ,20.5,8,7.2,329.5,40.1
35150,湖北省,富池闸 所在地市:黄石市所属河流:富水,04-12 20:00,Ⅱ,20.5,8,7.2,329.5,40.1
35187,湖北省,富池闸 所在地市:黄石市所属河流:富水,04-13 04:00,Ⅱ,20.3,8,7.3,330.5,33.3
35224,湖北省,富池闸 所在地市:黄石市所属河流:富水,04-13 08:00,Ⅱ,20.2,8,6.9,331.4,36.6
35261,湖北省,富池闸 所在地市:黄石市所属河流:富水,04-13 12:00,Ⅱ,21.7,8,7.6,329,35.7
35298,湖北省,富池闸 所在地市:黄石市所属河流:富水,04-13 16:00,Ⅱ,22.6,8,8.3,316.7,30.6
35335,湖北省,富池闸 所在地市:黄石市所属河流:富水,04-13 16:00,Ⅱ,22.6,8,8.3,316.7,30.6
35372,湖北省,富池闸 所在地市:黄石市所属河流:富水,04-13 20:00,Ⅱ,21.3,8,7,302.8,44
35409,湖北省,富池闸 所在地市:黄石市所属河流:富水,04-14 04:00,Ⅱ,20.6,7,6.3,280.9,45.3
35446,湖北省,富池闸 所在地市:黄石市所属河流:富水,04-14 08:00,Ⅱ,20.6,7,6.3,285.2,49.3
35483,湖北省,富池闸 所在地市:黄石市所属河流:富水,04-14 12:00,Ⅱ,22.1,8,7.1,294.3,43.4
35520,湖北省,富池闸 所在地市:黄石市所属河流:富水,04-14 12:00,Ⅱ,22.1,8,7.1,294.3,43.4
35557,湖北省,富池闸 所在地市:黄石市所属河流:富水,04-14 20:00,Ⅱ,21.5,7,7.2,291.8,38.8
35594,湖北省,富池闸 所在地市:黄石市所属河流:富水,04-14 20:00,Ⅱ,21.5,7,7.2,291.8,38.8
35687,湖北省,富池闸 所在地市:黄石市所属河流:富水,04-17 12:00,Ⅱ,22.6,7,6,310.1,56.9
35724,湖北省,富池闸 所在地市:黄石市所属河流:富水,04-17 16:00,Ⅱ,23.9,8,6.7,309.9,49.9
35761,湖北省,富池闸 所在地市:黄石市所属河流:富水,04-17 20:00,Ⅱ,23.1,8,7.7,316.5,25.8
35798,湖北省,富池闸 所在地市:黄石市所属河流:富水,04-17 20:00,Ⅱ,23.1,8,7.7,316.5,25.8
35835,湖北省,富池闸 所在地市:黄石市所属河流:富水,04-18 04:00,Ⅱ,22.4,7,6.5,313.9,31.7
35872,湖北省,富池闸 所在地市:黄石市所属河流:富水,04-18 08:00,Ⅱ,22.4,7,6.6,313.9,27.6
35909,湖北省,富池闸 所在地市:黄石市所属河流:富水,04-18 12:00,Ⅱ,23.5,8,6.8,311.1,38.7
35946,湖北省,富池闸 所在地市:黄石市所属河流:富水,04-18 16:00,Ⅱ,24.4,8,7.3,311.5,36.1
35983,湖北省,富池闸 所在地市:黄石市所属河流:富水,04-18 20:00,Ⅱ,23.3,8,7.4,317.8,35.6
36020,湖北省,富池闸 所在地市:黄石市所属河流:富水,04-18 20:00,Ⅱ,23.3,8,7.4,317.8,35.6
36057,湖北省,富池闸 所在地市:黄石市所属河流:富水,04-19 04:00,Ⅱ,23.1,8,7,321.9,41.6
36094,湖北省,富池闸 所在地市:黄石市所属河流:富水,04-19 08:00,Ⅱ,22.8,8,6.8,324.6,49.5
36131,湖北省,富池闸 所在地市:黄石市所属河流:富水,04-19 12:00,Ⅱ,24.4,8,7.8,325.7,32.2
36168,湖北省,富池闸 所在地市:黄石市所属河流:富水,04-19 16:00,Ⅱ,24.6,8,8.7,322.8,31.4
36205,湖北省,富池闸 所在地市:黄石市所属河流:富水,04-19 20:00,Ⅱ,23.7,8,8,324.1,29.3
36242,湖北省,富池闸 所在地市:黄石市所属河流:富水,04-19 20:00,Ⅱ,23.7,8,8,324.1,29.3
36279,湖北省,富池闸 所在地市:黄石市所属河流:富水,04-20 04:00,Ⅱ,23.1,8,7.2,325.8,29.8
36316,湖北省,富池闸 所在地市:黄石市所属河流:富水,04-20 08:00,Ⅱ,23.1,8,7,327,34.6
36353,湖北省,富池闸 所在地市:黄石市所属河流:富水,04-20 12:00,Ⅱ,23.8,8,7,327.5,40.1
36390,湖北省,富池闸 所在地市:黄石市所属河流:富水,04-20 16:00,Ⅱ,24.2,8,7.7,326.6,34.2
36427,湖北省,富池闸 所在地市:黄石市所属河流:富水,04-20 20:00,Ⅱ,23.5,8,7.6,326.3,39.4
36464,湖北省,富池闸 所在地市:黄石市所属河流:富水,04-20 20:00,Ⅱ,23.5,8,7.6,326.3,39.4
36501,湖北省,富池闸 所在地市:黄石市所属河流:富水,04-21 04:00,Ⅱ,23.3,8,7.1,327.5,44.2
36538,湖北省,富池闸 所在地市:黄石市所属河流:富水,04-21 08:00,Ⅱ,23.1,8,7,328.1,42.9
36575,湖北省,富池闸 所在地市:黄石市所属河流:富水,04-21 12:00,Ⅱ,22.9,8,6.9,326.9,59.8
36612,湖北省,富池闸 所在地市:黄石市所属河流:富水,04-21 16:00,Ⅱ,23.2,8,7,326.2,50.6
36649,湖北省,富池闸 所在地市:黄石市所属河流:富水,04-21 20:00,Ⅱ,23.1,8,7.1,326.2,42.2
36686,湖北省,富池闸 所在地市:黄石市所属河流:富水,04-21 20:00,Ⅱ,23.1,8,7.1,326.2,42.2
36723,湖北省,富池闸 所在地市:黄石市所属河流:富水,04-22 04:00,Ⅱ,22.9,8,6.8,325.5,42.4
36760,湖北省,富池闸 所在地市:黄石市所属河流:富水,04-22 08:00,Ⅱ,22.6,8,6.8,325.5,51.5
36797,湖北省,富池闸 所在地市:黄石市所属河流:富水,04-22 12:00,Ⅱ,22.6,8,6.9,325.7,43.9
36834,湖北省,富池闸 所在地市:黄石市所属河流:富水,04-22 12:00,Ⅱ,22.6,8,6.9,325.7,43.9
36871,湖北省,富池闸 所在地市:黄石市所属河流:富水,04-22 20:00,Ⅱ,22.2,8,7.1,324.6,49.1
36908,湖北省,富池闸 所在地市:黄石市所属河流:富水,04-22 20:00,Ⅱ,22.2,8,7.1,324.6,49.1
36945,湖北省,富池闸 所在地市:黄石市所属河流:富水,04-23 04:00,Ⅱ,21.4,7,6.6,326,44.6
36982,湖北省,富池闸 所在地市:黄石市所属河流:富水,04-23 08:00,Ⅱ,21.4,8,6.8,327.9,37.4
37019,湖北省,富池闸 所在地市:黄石市所属河流:富水,04-23 12:00,Ⅱ,22.6,8,7,326.3,45.3
37056,湖北省,富池闸 所在地市:黄石市所属河流:富水,04-23 16:00,Ⅱ,22.8,8,7,323.4,40.8
37093,湖北省,富池闸 所在地市:黄石市所属河流:富水,04-23 20:00,Ⅱ,22.3,8,6.9,323.4,37.5
37130,湖北省,富池闸 所在地市:黄石市所属河流:富水,04-23 20:00,Ⅱ,22.3,8,6.9,323.4,37.5
37167,湖北省,富池闸 所在地市:黄石市所属河流:富水,04-24 04:00,Ⅱ,21.7,7,6.4,322.3,39.7
37204,湖北省,富池闸 所在地市:黄石市所属河流:富水,04-24 08:00,Ⅱ,21.7,7,6.4,322.6,37.7
37241,湖北省,富池闸 所在地市:黄石市所属河流:富水,04-24 12:00,Ⅱ,21.8,8,6.5,322.1,38.5
37278,湖北省,富池闸 所在地市:黄石市所属河流:富水,04-24 16:00,Ⅱ,21.8,7,6.4,320,43.6
37315,湖北省,富池闸 所在地市:黄石市所属河流:富水,04-24 20:00,Ⅱ,21.7,7,6.4,320.3,40.5
37352,湖北省,富池闸 所在地市:黄石市所属河流:富水,04-24 20:00,Ⅱ,21.7,7,6.4,320.3,40.5
37389,湖北省,富池闸 所在地市:黄石市所属河流:富水,04-25 04:00,Ⅱ,21.2,7,6,321.2,39.3
37426,湖北省,富池闸 所在地市:黄石市所属河流:富水,04-25 08:00,Ⅲ,21.3,7,5.8,323,43.2
37463,湖北省,富池闸 所在地市:黄石市所属河流:富水,04-25 12:00,Ⅱ,22.3,7,6,324.7,44.7
37500,湖北省,富池闸 所在地市:黄石市所属河流:富水,04-25 16:00,Ⅱ,24,8,7,335.3,27.8
37537,湖北省,富池闸 所在地市:黄石市所属河流:富水,04-25 20:00,Ⅱ,22.9,7,6.7,330.3,38.7
37574,湖北省,富池闸 所在地市:黄石市所属河流:富水,04-25 20:00,Ⅱ,22.9,7,6.7,330.3,38.7
37611,湖北省,富池闸 所在地市:黄石市所属河流:富水,04-26 04:00,Ⅱ,21.5,7,6.2,324,34.8
37648,湖北省,富池闸 所在地市:黄石市所属河流:富水,04-26 08:00,Ⅱ,21.7,7,6.1,323.5,33.8
37685,湖北省,富池闸 所在地市:黄石市所属河流:富水,04-26 12:00,Ⅱ,22.6,7,6.1,325.4,36.8
37722,湖北省,富池闸 所在地市:黄石市所属河流:富水,04-26 16:00,Ⅱ,22.7,7,6.4,333.5,35.3
37759,湖北省,富池闸 所在地市:黄石市所属河流:富水,04-26 20:00,Ⅱ,22.3,7,6.4,333.2,35.5
37796,湖北省,富池闸 所在地市:黄石市所属河流:富水,04-26 20:00,Ⅱ,22.3,7,6.4,333.2,35.5
37833,湖北省,富池闸 所在地市:黄石市所属河流:富水,04-27 04:00,Ⅲ,22.2,7,5.8,332.1,26.2
37870,湖北省,富池闸 所在地市:黄石市所属河流:富水,04-27 08:00,Ⅲ,22.3,7,5.6,330.2,31.5
37907,湖北省,富池闸 所在地市:黄石市所属河流:富水,04-27 12:00,Ⅲ,22.5,7,5.6,322.5,30
37944,湖北省,富池闸 所在地市:黄石市所属河流:富水,04-27 16:00,Ⅲ,22.9,7,5.6,316,31.6
37981,湖北省,富池闸 所在地市:黄石市所属河流:富水,04-27 20:00,Ⅲ,22.5,7,5.5,309.1,35.6
38018,湖北省,富池闸 所在地市:黄石市所属河流:富水,04-27 20:00,Ⅲ,22.5,7,5.5,309.1,35.6
38055,湖北省,富池闸 所在地市:黄石市所属河流:富水,04-28 04:00,Ⅲ,22.2,7,5.5,306.2,29.4
38092,湖北省,富池闸 所在地市:黄石市所属河流:富水,04-28 08:00,Ⅱ,22.2,7,6.3,305.6,35.5
38129,湖北省,富池闸 所在地市:黄石市所属河流:富水,04-28 12:00,Ⅱ,23.8,7,6.1,309.7,33.2
38166,湖北省,富池闸 所在地市:黄石市所属河流:富水,04-28 16:00,Ⅱ,24.4,7,6.6,307.5,34.1
38203,湖北省,富池闸 所在地市:黄石市所属河流:富水,04-28 20:00,Ⅱ,23.4,7,6.7,311.7,36.5
38240,湖北省,富池闸 所在地市:黄石市所属河流:富水,04-28 20:00,Ⅱ,23.4,7,6.7,311.7,36.5
38277,湖北省,富池闸 所在地市:黄石市所属河流:富水,04-29 04:00,Ⅱ,22.4,7,6.2,320.9,30.8
38314,湖北省,富池闸 所在地市:黄石市所属河流:富水,04-29 08:00,Ⅱ,22.7,7,6.3,323.8,32.4
38351,湖北省,富池闸 所在地市:黄石市所属河流:富水,04-29 12:00,Ⅱ,25.4,7,6.8,325.4,26.6
38388,湖北省,富池闸 所在地市:黄石市所属河流:富水,04-29 16:00,Ⅱ,26.8,8,7.9,324.8,23.7
38425,湖北省,富池闸 所在地市:黄石市所属河流:富水,04-29 20:00,Ⅱ,25.2,8,8.2,325.3,25.1
38462,湖北省,富池闸 所在地市:黄石市所属河流:富水,04-29 20:00,Ⅱ,25.2,8,8.2,325.3,25.1
38499,湖北省,富池闸 所在地市:黄石市所属河流:富水,04-30 04:00,Ⅱ,23.9,8,7.2,326.3,23.2
38536,湖北省,富池闸 所在地市:黄石市所属河流:富水,04-30 08:00,Ⅱ,23.8,7,6.8,326.8,26.7
38573,湖北省,富池闸 所在地市:黄石市所属河流:富水,04-30 12:00,Ⅱ,23.5,7,6.5,327.1,29.8
38610,湖北省,富池闸 所在地市:黄石市所属河流:富水,04-30 16:00,Ⅱ,23.7,7,6.5,328.4,31.2
38647,湖北省,富池闸 所在地市:黄石市所属河流:富水,04-30 20:00,Ⅱ,23.2,8,7.4,328.7,30.4
38684,湖北省,富池闸 所在地市:黄石市所属河流:富水,04-30 20:00,Ⅱ,23.2,8,7.4,328.7,30.4
38721,湖北省,富池闸 所在地市:黄石市所属河流:富水,05-01 04:00,Ⅱ,22.7,7,6.7,333.3,31
38758,湖北省,富池闸 所在地市:黄石市所属河流:富水,05-01 08:00,Ⅱ,23,8,7.1,334.6,31.4
38795,湖北省,富池闸 所在地市:黄石市所属河流:富水,05-01 12:00,Ⅱ,25.7,8,8.2,332.8,26.4
38832,湖北省,富池闸 所在地市:黄石市所属河流:富水,05-01 16:00,Ⅱ,27.3,8,9.7,330.5,31.1
38869,湖北省,富池闸 所在地市:黄石市所属河流:富水,05-01 16:00,Ⅱ,27.3,8,9.7,330.5,31.1
38906,湖北省,富池闸 所在地市:黄石市所属河流:富水,05-01 20:00,Ⅱ,25.8,8,10.9,329,30.2
38943,湖北省,富池闸 所在地市:黄石市所属河流:富水,05-02 04:00,Ⅱ,24.1,8,9.3,333.1,32.1
38980,湖北省,富池闸 所在地市:黄石市所属河流:富水,05-02 08:00,Ⅱ,24.3,8,9,332.6,33.7
39017,湖北省,富池闸 所在地市:黄石市所属河流:富水,05-02 08:00,Ⅱ,24.3,8,9,332.6,33.7
39054,湖北省,富池闸 所在地市:黄石市所属河流:富水,05-02 16:00,Ⅱ,29.2,8,11.8,334,43.4
39091,湖北省,富池闸 所在地市:黄石市所属河流:富水,05-02 20:00,Ⅱ,26.1,8,14.4,318.1,59.1
39128,湖北省,富池闸 所在地市:黄石市所属河流:富水,05-02 20:00,Ⅱ,26.1,8,14.4,318.1,59.1
39165,湖北省,富池闸 所在地市:黄石市所属河流:富水,05-03 04:00,Ⅱ,26.1,8,12.2,319.6,59.4
39202,湖北省,富池闸 所在地市:黄石市所属河流:富水,05-03 08:00,Ⅱ,26.2,8,11.3,322.5,53.1
39239,湖北省,富池闸 所在地市:黄石市所属河流:富水,05-03 12:00,Ⅱ,27.8,8,11.6,323.9,55.3
39276,湖北省,富池闸 所在地市:黄石市所属河流:富水,05-03 16:00,Ⅰ,27,8,12.3,323.7,69.8
39313,湖北省,富池闸 所在地市:黄石市所属河流:富水,05-03 20:00,Ⅱ,25,8,9,338,82.8
39350,湖北省,富池闸 所在地市:黄石市所属河流:富水,05-03 20:00,Ⅱ,25,8,9,338,82.8
39387,湖北省,富池闸 所在地市:黄石市所属河流:富水,05-04 04:00,Ⅱ,24.3,8,8,337,65
39424,湖北省,富池闸 所在地市:黄石市所属河流:富水,05-04 08:00,Ⅱ,24.1,8,8.1,336.1,72.7
39461,湖北省,富池闸 所在地市:黄石市所属河流:富水,05-04 08:00,Ⅰ,24.1,8,8.1,336.1,72.7
39498,湖北省,富池闸 所在地市:黄石市所属河流:富水,05-04 08:00,Ⅰ,24.1,8,8.1,336.1,72.7
39535,湖北省,富池闸 所在地市:黄石市所属河流:富水,05-04 08:00,Ⅰ,24.1,8,8.1,336.1,72.7
39572,湖北省,富池闸 所在地市:黄石市所属河流:富水,05-04 08:00,Ⅰ,24.1,8,8.1,336.1,72.7
39609,湖北省,富池闸 所在地市:黄石市所属河流:富水,05-04 08:00,Ⅰ,24.1,8,8.1,336.1,72.7
39646,湖北省,富池闸 所在地市:黄石市所属河流:富水,05-05 08:00,"",24.3,8,7.7,334.4,27.8
39683,湖北省,富池闸 所在地市:黄石市所属河流:富水,05-05 12:00,Ⅱ,24.2,8,7.8,336.9,31.3
39720,湖北省,富池闸 所在地市:黄石市所属河流:富水,05-05 16:00,Ⅱ,24.6,8,8,341.7,21.1
39757,湖北省,富池闸 所在地市:黄石市所属河流:富水,05-05 20:00,Ⅱ,24,8,7.2,337.3,23.7
39794,湖北省,富池闸 所在地市:黄石市所属河流:富水,05-05 20:00,Ⅱ,24,8,7.2,337.3,23.7
39831,湖北省,富池闸 所在地市:黄石市所属河流:富水,05-06 04:00,Ⅱ,23.4,8,6.4,338.7,16
39868,湖北省,富池闸 所在地市:黄石市所属河流:富水,05-06 08:00,Ⅱ,23.7,8,6.3,340.2,15
39905,湖北省,富池闸 所在地市:黄石市所属河流:富水,05-06 12:00,Ⅱ,25.8,8,7.1,342.8,13.3
39942,湖北省,富池闸 所在地市:黄石市所属河流:富水,05-06 16:00,Ⅱ,26.9,8,8,336.2,13.1
39979,湖北省,富池闸 所在地市:黄石市所属河流:富水,05-06 20:00,Ⅱ,25.5,8,7.7,334.6,14.3
40016,湖北省,富池闸 所在地市:黄石市所属河流:富水,05-06 20:00,Ⅱ,25.5,8,7.7,334.6,14.3
40053,湖北省,富池闸 所在地市:黄石市所属河流:富水,05-07 04:00,Ⅱ,24.1,8,7.2,335.1,12.5
40090,湖北省,富池闸 所在地市:黄石市所属河流:富水,05-07 08:00,Ⅱ,24.3,8,7.2,337,12.4
40127,湖北省,富池闸 所在地市:黄石市所属河流:富水,05-07 12:00,Ⅱ,25.6,8,7.8,338.7,12.8
40164,湖北省,富池闸 所在地市:黄石市所属河流:富水,05-07 16:00,Ⅱ,26.2,8,7.8,340.9,8.8
40201,湖北省,富池闸 所在地市:黄石市所属河流:富水,05-07 20:00,Ⅱ,25.1,8,7.3,341.3,13.8
40238,湖北省,富池闸 所在地市:黄石市所属河流:富水,05-07 20:00,Ⅱ,25.1,8,7.3,341.3,13.8
40275,湖北省,富池闸 所在地市:黄石市所属河流:富水,05-08 04:00,Ⅱ,24.7,8,7.1,339.6,8.9
40312,湖北省,富池闸 所在地市:黄石市所属河流:富水,05-08 08:00,Ⅱ,24.6,8,7.1,338.8,9.9
40349,湖北省,富池闸 所在地市:黄石市所属河流:富水,05-08 12:00,Ⅱ,24.3,8,6.7,339.1,18.8
40386,湖北省,富池闸 所在地市:黄石市所属河流:富水,05-08 16:00,Ⅱ,24.7,8,7,337.4,14
40423,湖北省,富池闸 所在地市:黄石市所属河流:富水,05-08 20:00,Ⅱ,24.4,8,6.8,336.4,20.1
40460,湖北省,富池闸 所在地市:黄石市所属河流:富水,05-08 20:00,Ⅱ,24.4,8,6.8,336.4,20.1
40497,湖北省,富池闸 所在地市:黄石市所属河流:富水,05-09 04:00,Ⅲ,23.9,8,5.9,333.7,27.7
40534,湖北省,富池闸 所在地市:黄石市所属河流:富水,05-09 08:00,Ⅱ,24,8,6.1,327.9,20.8
40571,湖北省,富池闸 所在地市:黄石市所属河流:富水,05-09 12:00,Ⅱ,25,8,6.7,327.7,24.3
40608,湖北省,富池闸 所在地市:黄石市所属河流:富水,05-09 12:00,Ⅱ,25,8,6.7,327.7,24.3
40645,湖北省,富池闸 所在地市:黄石市所属河流:富水,05-09 20:00,Ⅱ,24.9,8,6.1,338.1,20.7
40682,湖北省,富池闸 所在地市:黄石市所属河流:富水,05-09 20:00,Ⅱ,24.9,8,6.1,338.1,20.7
40719,湖北省,富池闸 所在地市:黄石市所属河流:富水,05-10 04:00,Ⅲ,24.5,7,5.7,335.3,25.5
40756,湖北省,富池闸 所在地市:黄石市所属河流:富水,05-10 08:00,Ⅲ,24.4,7,5.7,336.8,27.7
40793,湖北省,富池闸 所在地市:黄石市所属河流:富水,05-10 12:00,Ⅱ,24.1,7,6,337.4,28
40830,湖北省,富池闸 所在地市:黄石市所属河流:富水,05-10 16:00,Ⅱ,24,8,6.3,338.4,22.8
40867,湖北省,富池闸 所在地市:黄石市所属河流:富水,05-10 20:00,Ⅱ,23.9,7,6.3,338,29.1
40903,湖北省,富池闸 所在地市:黄石市所属河流:富水,05-10 20:00,Ⅱ,23.9,7,6.3,338,29.1
40939,湖北省,富池闸 所在地市:黄石市所属河流:富水,05-11 00:00,Ⅱ,23.5,7,6.3,336.3,26.2
40975,湖北省,富池闸 所在地市:黄石市所属河流:富水,05-11 08:00,Ⅱ,23.1,7,6.5,331.2,35.4
41011,湖北省,富池闸 所在地市:黄石市所属河流:富水,05-11 12:00,Ⅱ,24.3,8,7,328.5,31.2
41047,湖北省,富池闸 所在地市:黄石市所属河流:富水,05-11 16:00,Ⅱ,25.1,8,7.3,324.2,24.8
41083,湖北省,富池闸 所在地市:黄石市所属河流:富水,05-11 20:00,Ⅱ,24.3,8,7.1,321.3,24.9
41119,湖北省,富池闸 所在地市:黄石市所属河流:富水,05-11 20:00,Ⅱ,24.3,8,7.1,321.3,24.9
41156,湖北省,富池闸 所在地市:黄石市所属河流:富水,05-12 04:00,Ⅱ,22.8,7,6.2,320.8,33.2
41193,湖北省,富池闸 所在地市:黄石市所属河流:富水,05-12 08:00,Ⅱ,22.5,7,6.3,321,33.6
41230,湖北省,富池闸 所在地市:黄石市所属河流:富水,05-12 12:00,Ⅱ,25.1,8,7.1,324.5,26.3
41267,湖北省,富池闸 所在地市:黄石市所属河流:富水,05-12 12:00,Ⅱ,25.1,8,7.1,324.5,26.3
41304,湖北省,富池闸 所在地市:黄石市所属河流:富水,05-12 20:00,Ⅱ,24.2,8,8.1,319.3,36.2
41341,湖北省,富池闸 所在地市:黄石市所属河流:富水,05-12 20:00,Ⅱ,24.2,8,8.1,319.3,36.2
41378,湖北省,富池闸 所在地市:黄石市所属河流:富水,05-13 04:00,Ⅱ,22.7,8,6.7,321.6,30.2
41415,湖北省,富池闸 所在地市:黄石市所属河流:富水,05-13 08:00,Ⅱ,22.8,8,6.9,321.8,30.9
41452,湖北省,富池闸 所在地市:黄石市所属河流:富水,05-13 12:00,Ⅱ,24.6,8,7.5,321,27.3
41489,湖北省,富池闸 所在地市:黄石市所属河流:富水,05-13 16:00,Ⅱ,26.3,8,11.3,315.6,23.2
41526,湖北省,富池闸 所在地市:黄石市所属河流:富水,05-13 20:00,Ⅱ,25.6,8,10.4,317.7,21.2
41563,湖北省,富池闸 所在地市:黄石市所属河流:富水,05-13 20:00,Ⅱ,25.6,8,10.4,317.7,21.2
41600,湖北省,富池闸 所在地市:黄石市所属河流:富水,05-14 04:00,Ⅱ,24,8,7.1,321.2,32.5
41637,湖北省,富池闸 所在地市:黄石市所属河流:富水,05-14 08:00,Ⅱ,24.1,8,7.1,321.5,26.3
41674,湖北省,富池闸 所在地市:黄石市所属河流:富水,05-14 12:00,Ⅱ,26.9,8,8.6,324,20.1
41711,湖北省,富池闸 所在地市:黄石市所属河流:富水,05-14 16:00,Ⅱ,26.8,8,10.7,318.1,26.2
41749,湖北省,富池闸 所在地市:黄石市所属河流:富水,05-14 20:00,Ⅱ,26.1,8,9.8,320.7,25.6
41787,湖北省,富池闸 所在地市:黄石市所属河流:富水,05-14 20:00,Ⅱ,26.1,8,9.8,320.7,25.6
41825,湖北省,富池闸 所在地市:黄石市所属河流:富水,05-15 04:00,Ⅱ,25,8,7.3,320.8,34.5
41863,湖北省,富池闸 所在地市:黄石市所属河流:富水,05-15 08:00,Ⅱ,24.7,8,6.8,320.2,30.3
41901,湖北省,富池闸 所在地市:黄石市所属河流:富水,05-15 12:00,Ⅱ,24.6,8,7,319.7,32.5
41939,湖北省,富池闸 所在地市:黄石市所属河流:富水,05-15 16:00,Ⅱ,24.7,8,6.8,319.8,32.9
41977,湖北省,富池闸 所在地市:黄石市所属河流:富水,05-15 20:00,Ⅱ,24.7,8,6.8,318.5,33.8
42015,湖北省,富池闸 所在地市:黄石市所属河流:富水,05-15 20:00,Ⅱ,24.7,8,6.8,318.5,33.8
42053,湖北省,富池闸 所在地市:黄石市所属河流:富水,05-16 04:00,Ⅱ,24.2,8,6.3,318.6,28.7
42091,湖北省,富池闸 所在地市:黄石市所属河流:富水,05-16 08:00,Ⅱ,24.3,8,6.3,318.1,29.8
42129,湖北省,富池闸 所在地市:黄石市所属河流:富水,05-16 12:00,Ⅱ,25.2,8,6.9,319.2,27.4
42167,湖北省,富池闸 所在地市:黄石市所属河流:富水,05-16 16:00,Ⅱ,26.2,8,7,316.9,28.4
42205,湖北省,富池闸 所在地市:黄石市所属河流:富水,05-16 20:00,Ⅱ,25.1,8,6.5,315.4,29.8
42243,湖北省,富池闸 所在地市:黄石市所属河流:富水,05-16 20:00,Ⅱ,25.1,8,6.5,315.4,29.8
42281,湖北省,富池闸 所在地市:黄石市所属河流:富水,05-17 04:00,Ⅱ,24.8,8,6.5,312.9,26.9
42319,湖北省,富池闸 所在地市:黄石市所属河流:富水,05-17 08:00,Ⅱ,24.9,8,6.4,311.8,24
42357,湖北省,富池闸 所在地市:黄石市所属河流:富水,05-17 12:00,Ⅱ,25.4,8,6.7,309.4,30.3
42395,湖北省,富池闸 所在地市:黄石市所属河流:富水,05-17 16:00,Ⅱ,25.8,8,7.1,309.7,25.3
42433,湖北省,富池闸 所在地市:黄石市所属河流:富水,05-17 20:00,Ⅱ,25.2,8,6.8,309.7,29.5
42471,湖北省,富池闸 所在地市:黄石市所属河流:富水,05-17 20:00,Ⅱ,25.2,8,6.8,309.7,29.5
42509,湖北省,富池闸 所在地市:黄石市所属河流:富水,05-18 04:00,Ⅱ,24.9,8,6.5,309.7,28.7
42547,湖北省,富池闸 所在地市:黄石市所属河流:富水,05-18 08:00,Ⅱ,24.9,8,6.4,309.7,32.1
42585,湖北省,富池闸 所在地市:黄石市所属河流:富水,05-18 12:00,Ⅱ,25.7,8,6.6,308,33.3
42623,湖北省,富池闸 所在地市:黄石市所属河流:富水,05-18 16:00,Ⅱ,26,8,6.7,306.4,29.6
42661,湖北省,富池闸 所在地市:黄石市所属河流:富水,05-18 20:00,Ⅱ,25.5,8,6.4,307.4,33.4
42699,湖北省,富池闸 所在地市:黄石市所属河流:富水,05-18 20:00,Ⅱ,25.5,8,6.4,307.4,33.4
42737,湖北省,富池闸 所在地市:黄石市所属河流:富水,05-19 04:00,Ⅱ,25.2,7,6.1,309.1,29.6
42775,湖北省,富池闸 所在地市:黄石市所属河流:富水,05-19 08:00,Ⅱ,25.2,7,6.2,309.8,35.9
42813,湖北省,富池闸 所在地市:黄石市所属河流:富水,05-19 12:00,Ⅱ,27.5,8,7,313.9,28.2
42851,湖北省,富池闸 所在地市:黄石市所属河流:富水,05-19 16:00,Ⅱ,27.5,8,9.2,311.2,28.7
42889,湖北省,富池闸 所在地市:黄石市所属河流:富水,05-19 20:00,Ⅱ,27,8,8.8,312.2,32.1
42927,湖北省,富池闸 所在地市:黄石市所属河流:富水,05-19 20:00,Ⅱ,27,8,8.8,312.2,32.1
42965,湖北省,富池闸 所在地市:黄石市所属河流:富水,05-20 04:00,Ⅱ,25.6,8,6.8,314.9,32.6
43003,湖北省,富池闸 所在地市:黄石市所属河流:富水,05-20 08:00,Ⅱ,25.8,8,7,314.4,33.6
43041,湖北省,富池闸 所在地市:黄石市所属河流:富水,05-20 12:00,Ⅱ,27.8,8,7.7,313.9,30.5
43079,湖北省,富池闸 所在地市:黄石市所属河流:富水,05-20 16:00,Ⅱ,28.1,8,8.7,310.4,32
43117,湖北省,富池闸 所在地市:黄石市所属河流:富水,05-20 20:00,Ⅱ,26.9,8,7.3,312.9,41
43155,湖北省,富池闸 所在地市:黄石市所属河流:富水,05-20 20:00,Ⅱ,26.9,8,7.3,312.9,41
43193,湖北省,富池闸 所在地市:黄石市所属河流:富水,05-21 04:00,Ⅱ,26.7,8,6.7,312.4,33.6
43231,湖北省,富池闸 所在地市:黄石市所属河流:富水,05-21 08:00,Ⅱ,26.9,8,6.6,313.1,33.5
43269,湖北省,富池闸 所在地市:黄石市所属河流:富水,05-21 12:00,Ⅱ,28.8,8,7,313.1,31.9
43307,湖北省,富池闸 所在地市:黄石市所属河流:富水,05-21 16:00,Ⅱ,30.2,8,8.8,310.6,29.7
